idiom|translation|exportedAt|status|knownAt|s1|s2|s3|note
a piece of cake|пустяк; легко|2026-04-02|learning||The exam was **a piece of cake**.|Don't worry, it'll be **a piece of cake**.|Fixing this is **a piece of cake** for him.|Casual / informal. Используется чтобы сказать что что-то очень легко. Метафора от того, что есть кусок торта = легко и приятно. "It was a piece of cake" = было проще простого.
break the ice|разрядить обстановку|2026-04-02|learning||A joke can help **break the ice**.|She told a funny story to **break the ice**.|It's hard to **break the ice** at new jobs.|Neutral / informal. На вечеринках, встречах, первых разговорах. Метафора: лёд между людьми надо разбить. Часто "icebreaker" = способ начать общение.
hit the nail on the head|попасть в точку|2026-04-02|learning||You really **hit the nail on the head** with that comment.|She **hit the nail on the head** about the problem.|I think he **hit the nail on the head**.|Neutral. Когда кто-то точно подметил суть. Метафора от плотника: попасть точно по гвоздю. Используется в любом контексте — работа, разговоры.
cost an arm and a leg|стоить целое состояние|2026-04-02|learning||That car **cost an arm and a leg**.|Rent in London **costs an arm and a leg**.|Her wedding dress **cost an arm and a leg**.|Informal. Когда что-то очень дорого. Преувеличение. Не для деловой переписки. "That car cost an arm and a leg".
let the cat out of the bag|выдать секрет|2026-04-02|learning||She **let the cat out of the bag** about the surprise.|Don't **let the cat out of the bag**!|He accidentally **let the cat out of the bag**.|Informal. Случайно выдать секрет. Метафора от средневекового рынка: продавцы прятали кошку вместо поросёнка, и если её выпустить — обман раскроется.
once in a blue moon|очень редко|2026-04-02|learning||I eat fast food **once in a blue moon**.|She visits us **once in a blue moon**.|We go out **once in a blue moon**.|Neutral / informal. Очень редко. "Blue moon" — астрономически редкое явление. "I see her once in a blue moon".
under the weather|неважно себя чувствовать|2026-04-02|learning||I'm feeling **under the weather** today.|She's been **under the weather** all week.|He looks a bit **under the weather**.|Informal. Чувствовать себя нехорошо, болеть. Мягче чем "I am sick". "I am feeling under the weather today".
bite off more than you can chew|взять больше, чем можешь|2026-04-02|learning||I think I **bit off more than I could chew** with this project.|Don't **bite off more than you can chew**.|She tends to **bite off more than she can chew**.|Neutral. Взять больше чем можешь сделать. Часто советный тон: предупреждение.
the ball is in your court|ход за тобой|2026-04-02|learning||I've done my part — **the ball is in your court**.|**The ball is in their court** now.|I made the offer, so **the ball is in her court**.|Neutral / business. Очередь действовать за тобой. Из тенниса. "I've done my part — the ball is in your court".
beat around the bush|ходить вокруг да около|2026-04-02|learning||Stop **beating around the bush** and tell me.|She always **beats around the bush**.|Don't **beat around the bush** — just say it.|Informal. Ходить вокруг да около, избегать прямого ответа. "Stop beating around the bush and tell me".
burn bridges|сжигать мосты|2026-04-02|learning||Don't **burn bridges** with your old boss.|She **burned bridges** when she quit.|Try not to **burn bridges** in this industry.|Neutral. Испортить отношения навсегда. "Don't burn bridges — you might need them later".
call it a day|закончить на сегодня|2026-04-02|learning||I'm tired, let's **call it a day**.|We **called it a day** at five o'clock.|After six hours, they decided to **call it a day**.|Neutral. Можно использовать в большинстве контекстов. Запоминай как единое выражение — буквальный перевод не работает.
cut corners|экономить на качестве|2026-04-02|learning||They **cut corners** to save money.|Don't **cut corners** on safety.|The builder **cut corners** and the roof leaks.|Neutral / business. Делать что-то небрежно ради экономии времени или денег. Часто негативный оттенок. "They cut corners on safety".
get out of hand|выйти из-под контроля|2026-04-02|learning||The party **got out of hand**.|Things are **getting out of hand**.|The situation **got out of hand** quickly.|Neutral. Можно использовать в большинстве контекстов. Запоминай как единое выражение — буквальный перевод не работает.
go the extra mile|приложить дополнительные усилия|2026-04-02|learning||She always **goes the extra mile** for her clients.|If you **go the extra mile**, people will notice.|He **went the extra mile** to help us.|Business / motivational. Делать больше чем требуется. Положительный оттенок. "She always goes the extra mile".
in the same boat|в одной лодке; в одинаковом положении|2026-04-02|learning||We're all **in the same boat** with this problem.|Don't complain — we're **in the same boat**.|Students and teachers are **in the same boat** here.|Neutral. Можно использовать в большинстве контекстов. Запоминай как единое выражение — буквальный перевод не работает.
it's not rocket science|это не высшая математика|2026-04-02|learning||Come on, **it's not rocket science**.|Following a recipe **isn't rocket science**.|The instructions are simple — **it's not rocket science**.|Neutral. Можно использовать в большинстве контекстов. Запоминай как единое выражение — буквальный перевод не работает.
keep your chin up|не унывай|2026-04-02|learning||**Keep your chin up**, things will improve.|She told me to **keep my chin up**.|It's hard, but try to **keep your chin up**.|Neutral. Можно использовать в большинстве контекстов. Запоминай как единое выражение — буквальный перевод не работает.
miss the boat|упустить возможность|2026-04-02|learning||If you don't apply now, you'll **miss the boat**.|I **missed the boat** on that deal.|Don't **miss the boat** — sign up today.|Neutral. Можно использовать в большинстве контекстов. Запоминай как единое выражение — буквальный перевод не работает.
on the same page|на одной волне; понимать одинаково|2026-04-02|learning||Let's make sure we're **on the same page**.|Are we all **on the same page** about the plan?|I want to get **on the same page** with you.|Business / neutral. Понимать одинаково. Часто в работе. "Let's make sure we are on the same page".
pull someone's leg|разыгрывать|2026-04-02|learning||Are you serious or **pulling my leg**?|He loves **pulling people's legs**.|She was just **pulling your leg**, don't worry.|Informal. Разыгрывать, шутить. "Are you pulling my leg?" = ты шутишь? Не "тянуть за ногу".
ring a bell|что-то знакомое|2026-04-02|learning||Does the name Tom Harris **ring a bell**?|That song **rings a bell** but I can't remember it.|The address didn't **ring a bell**.|Neutral. Можно использовать в большинстве контекстов. Запоминай как единое выражение — буквальный перевод не работает.
see eye to eye|сходиться во мнении|2026-04-02|learning||We don't always **see eye to eye**.|They **see eye to eye** on most things.|My boss and I rarely **see eye to eye**.|Neutral. Можно использовать в большинстве контекстов. Запоминай как единое выражение — буквальный перевод не работает.
speak of the devil|лёгок на помине|2026-04-02|learning||**Speak of the devil** — here he comes!|Oh, **speak of the devil**!|We were just talking about you — **speak of the devil**!|Informal. Когда упомянутый человек появляется. "We were just talking about you — speak of the devil!"
stab someone in the back|нанести удар в спину|2026-04-02|learning||I can't believe he **stabbed me in the back**.|She **stabbed her friend in the back**.|Watch out, he might **stab you in the back**.|Neutral. Можно использовать в большинстве контекстов. Запоминай как единое выражение — буквальный перевод не работает.
take it with a grain of salt|относиться скептически|2026-04-02|learning||**Take** his advice **with a grain of salt**.|I'd **take** that review **with a grain of salt**.|**Take** online comments **with a grain of salt**.|Neutral. Можно использовать в большинстве контекстов. Запоминай как единое выражение — буквальный перевод не работает.
the last straw|последняя капля|2026-04-02|learning||His rude comment was **the last straw**.|That mistake was **the last straw** for the boss.|Missing the deadline was **the last straw**.|Neutral. Можно использовать в большинстве контекстов. Запоминай как единое выражение — буквальный перевод не работает.
throw in the towel|сдаться|2026-04-02|learning||After three attempts, she **threw in the towel**.|Don't **throw in the towel** yet!|He wanted to **throw in the towel** but kept going.|Neutral. Можно использовать в большинстве контекстов. Запоминай как единое выражение — буквальный перевод не работает.
time flies|время летит|2026-04-02|learning||**Time flies** when you're having fun.|I can't believe it's December — **time flies**!|**Time flies** — she's already ten years old.|Neutral. Время летит быстро. "Time flies when you are having fun".
up in the air|неопределённо; не решено|2026-04-02|learning||Our holiday plans are still **up in the air**.|The project is **up in the air** right now.|Everything is **up in the air** until Friday.|Neutral. Можно использовать в большинстве контекстов. Запоминай как единое выражение — буквальный перевод не работает.
a blessing in disguise|нет худа без добра|2026-04-02|learning||Losing that job was **a blessing in disguise**.|The delay turned out to be **a blessing in disguise**.|It seemed bad at first but it was **a blessing in disguise**.|Neutral. Можно использовать в большинстве контекстов. Запоминай как единое выражение — буквальный перевод не работает.
add fuel to the fire|подливать масла в огонь|2026-04-02|learning||His comment just **added fuel to the fire**.|Don't **add fuel to the fire** by arguing back.|The article **added fuel to the fire**.|Neutral. Можно использовать в большинстве контекстов. Запоминай как единое выражение — буквальный перевод не работает.
back to square one|вернуться к началу|2026-04-02|learning||The plan failed, so it's **back to square one**.|We're **back to square one** with this project.|If this doesn't work, we go **back to square one**.|Neutral. Можно использовать в большинстве контекстов. Запоминай как единое выражение — буквальный перевод не работает.
bark up the wrong tree|обратиться не по адресу|2026-04-02|learning||If you think I did it, you're **barking up the wrong tree**.|She was **barking up the wrong tree** with that theory.|You're **barking up the wrong tree** — ask Tom instead.|Neutral. Можно использовать в большинстве контекстов. Запоминай как единое выражение — буквальный перевод не работает.
bend over backwards|из кожи вон лезть|2026-04-02|learning||She **bent over backwards** to help us.|They'll **bend over backwards** for good customers.|I **bent over backwards** to make it work.|Neutral. Можно использовать в большинстве контекстов. Запоминай как единое выражение — буквальный перевод не работает.
better late than never|лучше поздно, чем никогда|2026-04-02|learning||You finally cleaned your room — **better late than never**!|He apologized after a week. **Better late than never**.|**Better late than never**, I suppose.|Neutral. Можно использовать в большинстве контекстов. Запоминай как единое выражение — буквальный перевод не работает.
bite the bullet|стиснуть зубы и сделать|2026-04-02|learning||I just **bit the bullet** and went to the dentist.|Sometimes you have to **bite the bullet**.|She **bit the bullet** and asked for a raise.|Neutral. Можно использовать в большинстве контекстов. Запоминай как единое выражение — буквальный перевод не работает.
blow off steam|выпустить пар|2026-04-02|learning||I go running to **blow off steam**.|He needed to **blow off steam** after work.|Let's go out and **blow off some steam**.|Neutral. Можно использовать в большинстве контекстов. Запоминай как единое выражение — буквальный перевод не работает.
break a leg|ни пуха ни пера|2026-04-02|learning||You've got the audition today — **break a leg**!|**Break a leg** at the concert tonight!|She told him to **break a leg** before the show.|Informal. Театральное "ни пуха ни пера". Перед выступлением/экзаменом/важным событием. Не воспринимай буквально — это пожелание удачи.
bring to the table|предложить; привнести|2026-04-02|learning||What do you **bring to the table**?|She **brings** a lot of experience **to the table**.|Each member **brings** something different **to the table**.|Business / formal. Подходит для рабочей среды и презентаций. Часто используется на встречах и в деловой переписке.
burn the midnight oil|работать допоздна|2026-04-02|learning||She's been **burning the midnight oil** all week.|I had to **burn the midnight oil** before the exam.|They **burned the midnight oil** to finish the project.|Neutral. Можно использовать в большинстве контекстов. Запоминай как единое выражение — буквальный перевод не работает.
by the skin of your teeth|еле-еле; на волоске|2026-04-02|learning||I passed the exam **by the skin of my teeth**.|We caught the train **by the skin of our teeth**.|She survived **by the skin of her teeth**.|Neutral. Можно использовать в большинстве контекстов. Запоминай как единое выражение — буквальный перевод не работает.
cross that bridge when you come to it|решать проблемы по мере поступления|2026-04-02|learning||Don't worry about that now — we'll **cross that bridge when we come to it**.|Let's **cross that bridge when we come to it**.|I'll **cross that bridge when I come to it**.|Neutral. Можно использовать в большинстве контекстов. Запоминай как единое выражение — буквальный перевод не работает.
cut to the chase|перейти к сути|2026-04-02|learning||Let's **cut to the chase** — what do you want?|**Cut to the chase**, we don't have much time.|She likes to **cut to the chase** in meetings.|Neutral. Можно использовать в большинстве контекстов. Запоминай как единое выражение — буквальный перевод не работает.
down to earth|приземлённый|2026-04-02|learning||She's very famous but really **down to earth**.|I like him because he's so **down to earth**.|Despite her success, she remains **down to earth**.|Neutral. Можно использовать в большинстве контекстов. Запоминай как единое выражение — буквальный перевод не работает.
get cold feet|струсить; испугаться|2026-04-02|learning||She **got cold feet** before the wedding.|Don't **get cold feet** now!|He **got cold feet** about the parachute jump.|Informal. Внезапно струсить, отказаться от плана. Особенно перед свадьбой, важным решением. "I got cold feet at the last minute".
get the ball rolling|запустить процесс|2026-04-02|learning||Let's **get the ball rolling** on this project.|She **got the ball rolling** with a great idea.|Who's going to **get the ball rolling**?|Neutral. Можно использовать в большинстве контекстов. Запоминай как единое выражение — буквальный перевод не работает.
give someone the benefit of the doubt|дать шанс; поверить на слово|2026-04-02|learning||I'll **give him the benefit of the doubt** this time.|Let's **give her the benefit of the doubt**.|She deserves **the benefit of the doubt**.|Neutral. Можно использовать в большинстве контекстов. Запоминай как единое выражение — буквальный перевод не работает.
go back to the drawing board|начать сначала; пересмотреть|2026-04-02|learning||That plan didn't work — let's **go back to the drawing board**.|We had to **go back to the drawing board**.|Time to **go back to the drawing board**.|Neutral. Можно использовать в большинстве контекстов. Запоминай как единое выражение — буквальный перевод не работает.
hang in there|держись!|2026-04-02|learning||**Hang in there**, it'll get better.|**Hang in there**, you're almost done.|Things are tough, but just **hang in there**.|Neutral. Можно использовать в большинстве контекстов. Запоминай как единое выражение — буквальный перевод не работает.
have a lot on your plate|быть очень занятым|2026-04-02|learning||She **has a lot on her plate** right now.|I can't help — I've **got a lot on my plate**.|He always **has a lot on his plate** at work.|Neutral. Можно использовать в большинстве контекстов. Запоминай как единое выражение — буквальный перевод не работает.
hit the ground running|взяться за дело с ходу|2026-04-02|learning||She **hit the ground running** at her new job.|We need to **hit the ground running** on Monday.|He **hit the ground running** after the holiday.|Neutral. Можно использовать в большинстве контекстов. Запоминай как единое выражение — буквальный перевод не работает.
in a nutshell|в двух словах|2026-04-02|learning||**In a nutshell**, we need more money.|That's the whole story **in a nutshell**.|**In a nutshell**, the project failed.|Neutral. Можно использовать в большинстве контекстов. Запоминай как единое выражение — буквальный перевод не работает.
it takes two to tango|в ссоре виноваты оба|2026-04-02|learning||Don't blame only her — **it takes two to tango**.|The argument was both their fault — **it takes two to tango**.|Remember, **it takes two to tango**.|Neutral. Можно использовать в большинстве контекстов. Запоминай как единое выражение — буквальный перевод не работает.
jump on the bandwagon|следовать за модой|2026-04-02|learning||Everyone's **jumping on the bandwagon** now.|She **jumped on the bandwagon** with that trend.|Don't just **jump on the bandwagon** — think for yourself.|Neutral. Присоединиться к популярному движению или мнению. "Everyone is jumping on the bandwagon".
keep your fingers crossed|держать кулачки|2026-04-02|learning||**Keep your fingers crossed** for me!|I've **got my fingers crossed** for the result.|She **kept her fingers crossed** during the exam.|Neutral. Можно использовать в большинстве контекстов. Запоминай как единое выражение — буквальный перевод не работает.
kill two birds with one stone|убить двух зайцев|2026-04-02|learning||I'll go to the bank and the shop — **kill two birds with one stone**.|She **killed two birds with one stone** by combining the trips.|Let's **kill two birds with one stone**.|Neutral. Решить две задачи одним действием. "Drop off the kids on my way to work — kills two birds".
leave no stone unturned|перевернуть всё вверх дном|2026-04-02|learning||Police **left no stone unturned** in the search.|She **left no stone unturned** looking for the document.|We'll **leave no stone unturned** to find the answer.|Neutral. Можно использовать в большинстве контекстов. Запоминай как единое выражение — буквальный перевод не работает.
let sleeping dogs lie|не ворошить прошлое|2026-04-02|learning||It's best to **let sleeping dogs lie**.|Don't bring that up again — just **let sleeping dogs lie**.|I decided to **let sleeping dogs lie**.|Neutral. Можно использовать в большинстве контекстов. Запоминай как единое выражение — буквальный перевод не работает.
make ends meet|сводить концы с концами|2026-04-02|learning||It's hard to **make ends meet** on one salary.|She works two jobs to **make ends meet**.|They struggle to **make ends meet** every month.|Neutral. Можно использовать в большинстве контекстов. Запоминай как единое выражение — буквальный перевод не работает.
no pain no gain|без труда не выловишь рыбку|2026-04-02|learning||Keep going — **no pain, no gain**!|She believes in **no pain, no gain**.|**No pain, no gain** — that's his motto.|Neutral. Можно использовать в большинстве контекстов. Запоминай как единое выражение — буквальный перевод не работает.
on thin ice|на тонком льду; в опасном положении|2026-04-02|learning||You're **on thin ice** with the boss after that mistake.|He's been **on thin ice** since the argument.|One more absence and you'll be **on thin ice**.|Neutral. Можно использовать в большинстве контекстов. Запоминай как единое выражение — буквальный перевод не работает.
play it by ear|действовать по обстоятельствам|2026-04-02|learning||I don't have a plan — I'll **play it by ear**.|Let's just **play it by ear** tomorrow.|She prefers to **play it by ear** rather than plan.|Neutral. Можно использовать в большинстве контекстов. Запоминай как единое выражение — буквальный перевод не работает.
pull strings|использовать связи|2026-04-02|learning||He **pulled strings** to get the job.|She **pulled some strings** to get us tickets.|You'll need to **pull strings** to get in.|Neutral. Можно использовать в большинстве контекстов. Запоминай как единое выражение — буквальный перевод не работает.
put all your eggs in one basket|поставить всё на одну карту|2026-04-02|learning||Don't **put all your eggs in one basket**.|She **put all her eggs in one basket** with that investment.|It's risky to **put all your eggs in one basket**.|Neutral. Можно использовать в большинстве контекстов. Запоминай как единое выражение — буквальный перевод не работает.
read between the lines|читать между строк|2026-04-02|learning||You need to **read between the lines**.|She **read between the lines** and understood.|Try to **read between the lines** of his email.|Neutral. Можно использовать в большинстве контекстов. Запоминай как единое выражение — буквальный перевод не работает.
sit on the fence|занимать нейтральную позицию|2026-04-02|learning||Stop **sitting on the fence** and make a decision.|He's been **sitting on the fence** for weeks.|She can't keep **sitting on the fence**.|Neutral. Можно использовать в большинстве контекстов. Запоминай как единое выражение — буквальный перевод не работает.
sleep on it|переспать с этой мыслью|2026-04-02|learning||Don't decide now — **sleep on it**.|I need to **sleep on it** before I answer.|She asked me to **sleep on it** overnight.|Neutral. Можно использовать в большинстве контекстов. Запоминай как единое выражение — буквальный перевод не работает.
spill the beans|проболтаться|2026-04-02|learning||Who **spilled the beans** about the party?|She **spilled the beans** by accident.|Don't **spill the beans** to anyone!|Informal. Выдать секрет (синоним "let the cat out of the bag"). "Don't spill the beans!" = не проболтайся.
take the bull by the horns|взять быка за рога|2026-04-02|learning||She decided to **take the bull by the horns**.|It's time to **take the bull by the horns**.|He **took the bull by the horns** and solved it.|Neutral. Можно использовать в большинстве контекстов. Запоминай как единое выражение — буквальный перевод не работает.
the elephant in the room|очевидная проблема, о которой молчат|2026-04-02|learning||Nobody mentioned it, but it was **the elephant in the room**.|Let's address **the elephant in the room**.|His debt is **the elephant in the room**.|Neutral. Можно использовать в большинстве контекстов. Запоминай как единое выражение — буквальный перевод не работает.
think outside the box|мыслить нестандартно|2026-04-02|learning||We need to **think outside the box** to solve this.|She's great at **thinking outside the box**.|Try to **think outside the box** on this one.|Business / neutral. Мыслить нестандартно. Часто на работе и в учёбе. Иногда воспринимается как клише.
throw someone under the bus|подставить|2026-04-02|learning||He **threw his colleague under the bus** to save himself.|Don't **throw me under the bus**!|She **threw him under the bus** at the meeting.|Neutral. Можно использовать в большинстве контекстов. Запоминай как единое выражение — буквальный перевод не работает.
tip of the iceberg|верхушка айсберга|2026-04-02|learning||This problem is just **the tip of the iceberg**.|What we've found is only **the tip of the iceberg**.|These complaints are **the tip of the iceberg**.|Neutral. Можно использовать в большинстве контекстов. Запоминай как единое выражение — буквальный перевод не работает.
turn a blind eye|закрывать глаза|2026-04-02|learning||The boss **turns a blind eye** to the problem.|She **turned a blind eye** to his behaviour.|You can't just **turn a blind eye** to this.|Neutral. Можно использовать в большинстве контекстов. Запоминай как единое выражение — буквальный перевод не работает.
twist someone's arm|уговорить; надавить|2026-04-02|learning||I didn't want to go but she **twisted my arm**.|You don't have to **twist my arm**!|He **twisted my arm** into agreeing.|Neutral. Можно использовать в большинстве контекстов. Запоминай как единое выражение — буквальный перевод не работает.
when pigs fly|когда рак на горе свистнет|2026-04-02|learning||He'll clean his room **when pigs fly**.|You'll get a pay rise **when pigs fly**.|She'll be on time **when pigs fly**.|Informal / sarcastic. Никогда. "He will apologize when pigs fly" = он никогда не извинится. Сильный сарказм.
wrap your head around|осознать; понять|2026-04-02|learning||I can't **wrap my head around** this maths problem.|It took me a while to **wrap my head around** the idea.|She's trying to **wrap her head around** the news.|Neutral. Можно использовать в большинстве контекстов. Запоминай как единое выражение — буквальный перевод не работает.
a drop in the ocean|капля в море|2026-04-02|learning||A hundred pounds is **a drop in the ocean** compared to the cost.|My donation was just **a drop in the ocean**.|Their effort was **a drop in the ocean**.|Neutral. Можно использовать в большинстве контекстов. Запоминай как единое выражение — буквальный перевод не работает.
actions speak louder than words|дела говорят громче слов|2026-04-02|learning||Don't just talk — **actions speak louder than words**.|He proved it — **actions speak louder than words**.|Remember, **actions speak louder than words**.|Neutral. Можно использовать в большинстве контекстов. Запоминай как единое выражение — буквальный перевод не работает.
at the end of the day|в конечном счёте|2026-04-02|learning||**At the end of the day**, it's your decision.|**At the end of the day**, results matter most.|**At the end of the day**, we did our best.|Business / formal. Подходит для рабочей среды и презентаций. Часто используется на встречах и в деловой переписке.
behind someone's back|за чьей-то спиной|2026-04-02|learning||She said bad things **behind my back**.|Don't talk about people **behind their backs**.|He went **behind her back** and told everyone.|Neutral. Можно использовать в большинстве контекстов. Запоминай как единое выражение — буквальный перевод не работает.
bite your tongue|прикусить язык|2026-04-02|learning||I wanted to argue but I **bit my tongue**.|She **bit her tongue** and said nothing.|Sometimes it's better to **bite your tongue**.|Neutral. Можно использовать в большинстве контекстов. Запоминай как единое выражение — буквальный перевод не работает.
break the bank|разориться|2026-04-02|learning||This gift won't **break the bank**.|Eating out every night will **break the bank**.|We need a holiday that won't **break the bank**.|Neutral. Можно использовать в большинстве контекстов. Запоминай как единое выражение — буквальный перевод не работает.
change of heart|перемена решения|2026-04-02|learning||She had **a change of heart** and stayed.|He had **a change of heart** about moving.|After thinking it over, I had **a change of heart**.|Neutral. Можно использовать в большинстве контекстов. Запоминай как единое выражение — буквальный перевод не работает.
cry over spilt milk|плакать над разлитым молоком|2026-04-02|learning||What's done is done — no use **crying over spilt milk**.|Don't **cry over spilt milk**, move forward.|She told him to stop **crying over spilt milk**.|Neutral. Можно использовать в большинстве контекстов. Запоминай как единое выражение — буквальный перевод не работает.
easier said than done|легче сказать, чем сделать|2026-04-02|learning||Finding a new job is **easier said than done**.|That's **easier said than done**.|Saving money is **easier said than done**.|Neutral. Можно использовать в большинстве контекстов. Запоминай как единое выражение — буквальный перевод не работает.
every cloud has a silver lining|нет худа без добра|2026-04-02|learning||Don't be sad — **every cloud has a silver lining**.|She believes **every cloud has a silver lining**.|Losing that job led to a better one — **every cloud has a silver lining**.|Neutral. Можно использовать в большинстве контекстов. Запоминай как единое выражение — буквальный перевод не работает.
food for thought|пища для размышлений|2026-04-02|learning||Her speech gave us a lot of **food for thought**.|That's **food for thought**.|The report provides **food for thought**.|Neutral. Можно использовать в большинстве контекстов. Запоминай как единое выражение — буквальный перевод не работает.
get the hang of|освоить; приноровиться|2026-04-02|learning||You'll **get the hang of** it soon.|She's starting to **get the hang of** driving.|It took me a week to **get the hang of** the software.|Neutral. Можно использовать в большинстве контекстов. Запоминай как единое выражение — буквальный перевод не работает.
give it a shot|попробовать|2026-04-02|learning||I've never tried yoga but I'll **give it a shot**.|Why not **give it a shot**?|She decided to **give it a shot**.|Neutral. Можно использовать в большинстве контекстов. Запоминай как единое выражение — буквальный перевод не работает.
go with the flow|плыть по течению|2026-04-02|learning||Don't stress about plans — just **go with the flow**.|She's the type to **go with the flow**.|Let's **go with the flow** today.|Neutral. Можно использовать в большинстве контекстов. Запоминай как единое выражение — буквальный перевод не работает.
have second thoughts|засомневаться|2026-04-02|learning||I'm **having second thoughts** about the trip.|She **had second thoughts** about accepting the offer.|He never **has second thoughts** — he just does it.|Neutral. Можно использовать в большинстве контекстов. Запоминай как единое выражение — буквальный перевод не работает.
in hot water|в беде; в неприятностях|2026-04-02|learning||He's **in hot water** with his boss.|She got **in hot water** for being late.|You'll be **in hot water** if they find out.|Informal. В беде, в неприятностях. Часто из-за своих действий. "He is in hot water with his boss".
keep an eye on|следить за|2026-04-02|learning||Can you **keep an eye on** my bag?|She **keeps an eye on** the children.|**Keep an eye on** the time.|Neutral. Можно использовать в большинстве контекстов. Запоминай как единое выражение — буквальный перевод не работает.
know something inside out|знать как свои пять пальцев|2026-04-02|learning||She **knows** this subject **inside out**.|He **knows** the city **inside out**.|I **know** the rules **inside out**.|Neutral. Можно использовать в большинстве контекстов. Запоминай как единое выражение — буквальный перевод не работает.
learn the ropes|освоиться; войти в курс дела|2026-04-02|learning||It takes a few weeks to **learn the ropes**.|She's still **learning the ropes** at her new job.|He **learned the ropes** quickly.|Neutral. Можно использовать в большинстве контекстов. Запоминай как единое выражение — буквальный перевод не работает.
lose track of time|потерять счёт времени|2026-04-02|learning||Sorry I'm late — I **lost track of time**.|She always **loses track of time** when reading.|I **lost track of time** at the gym.|Neutral. Можно использовать в большинстве контекстов. Запоминай как единое выражение — буквальный перевод не работает.
make a long story short|короче говоря|2026-04-02|learning||To **make a long story short**, we got lost.|**Long story short**, she got the job.|**To make a long story short**, everything worked out.|Neutral. Можно использовать в большинстве контекстов. Запоминай как единое выражение — буквальный перевод не работает.
no strings attached|без обязательств|2026-04-02|learning||The offer comes **with no strings attached**.|She gave the gift **with no strings attached**.|It's a free trial, **no strings attached**.|Neutral. Можно использовать в большинстве контекстов. Запоминай как единое выражение — буквальный перевод не работает.
on the bright side|если посмотреть с хорошей стороны|2026-04-02|learning||**On the bright side**, we still have time.|We lost the game but **on the bright side**, we played well.|**On the bright side**, nobody was hurt.|Neutral. Можно использовать в большинстве контекстов. Запоминай как единое выражение — буквальный перевод не работает.
over the moon|на седьмом небе от счастья|2026-04-02|learning||She was **over the moon** when she got the job.|He's **over the moon** about the baby.|We were **over the moon** with the results.|Neutral. Можно использовать в большинстве контекстов. Запоминай как единое выражение — буквальный перевод не работает.
practice makes perfect|повторение -- мать учения|2026-04-02|learning||Keep playing — **practice makes perfect**.|Don't give up — **practice makes perfect**.|She plays every day because **practice makes perfect**.|Neutral. Можно использовать в большинстве контекстов. Запоминай как единое выражение — буквальный перевод не работает.
rain or shine|в любую погоду; несмотря ни на что|2026-04-02|learning||The event will happen **rain or shine**.|He goes jogging every day, **rain or shine**.|**Rain or shine**, I'll be there.|Neutral. Можно использовать в большинстве контекстов. Запоминай как единое выражение — буквальный перевод не работает.
rule of thumb|общее правило; практический принцип|2026-04-02|learning||As **a rule of thumb**, arrive ten minutes early.|**The rule of thumb** is to save 20% of your salary.|That's a good **rule of thumb** for beginners.|Neutral. Можно использовать в большинстве контекстов. Запоминай как единое выражение — буквальный перевод не работает.
save face|сохранить лицо|2026-04-02|learning||He lied to **save face** in front of his friends.|She tried to **save face** after the mistake.|It's important to **save face** in that culture.|Neutral. Можно использовать в большинстве контекстов. Запоминай как единое выражение — буквальный перевод не работает.
so far so good|пока всё хорошо|2026-04-02|learning||How's the project? **So far, so good.**|**So far, so good** — no problems yet.|The new diet? **So far, so good**.|Neutral. Можно использовать в большинстве контекстов. Запоминай как единое выражение — буквальный перевод не работает.
the bottom line|суть; итог|2026-04-02|learning||**The bottom line** is we need more money.|What's **the bottom line** here?|**The bottom line** is that we have to act now.|Business / formal. Подходит для рабочей среды и презентаций. Часто используется на встречах и в деловой переписке.
through thick and thin|и в горе, и в радости|2026-04-02|learning||She supported me **through thick and thin**.|They've been friends **through thick and thin**.|He stayed loyal **through thick and thin**.|Neutral. Можно использовать в большинстве контекстов. Запоминай как единое выражение — буквальный перевод не работает.
under pressure|под давлением|2026-04-02|learning||She works well **under pressure**.|Don't make decisions **under pressure**.|He cracked **under pressure** during the exam.|Neutral. Можно использовать в большинстве контекстов. Запоминай как единое выражение — буквальный перевод не работает.
up to speed|в курсе дела|2026-04-02|learning||Let me bring you **up to speed** on the project.|Are you **up to speed** with the changes?|It took a week to get **up to speed**.|Neutral. Можно использовать в большинстве контекстов. Запоминай как единое выражение — буквальный перевод не работает.
word of mouth|из уст в уста; сарафанное радио|2026-04-02|learning||The restaurant became popular through **word of mouth**.|**Word of mouth** is the best advertising.|She heard about it by **word of mouth**.|Neutral. Можно использовать в большинстве контекстов. Запоминай как единое выражение — буквальный перевод не работает.
at stake|на кону|2026-04-02|learning||A lot of money is **at stake**.|Jobs are **at stake** if the company fails.|There's too much **at stake** to take risks.|Business / formal. Подходит для рабочей среды и презентаций. Часто используется на встречах и в деловой переписке.
back to basics|назад к основам|2026-04-02|learning||Let's go **back to basics** and fix the foundation.|The team went **back to basics** after the loss.|Sometimes you need to go **back to basics**.|Neutral. Можно использовать в большинстве контекстов. Запоминай как единое выражение — буквальный перевод не работает.
come to terms with|смириться с|2026-04-02|learning||She's trying to **come to terms with** the loss.|It took him years to **come to terms with** the truth.|I've finally **come to terms with** it.|Neutral. Можно использовать в большинстве контекстов. Запоминай как единое выражение — буквальный перевод не работает.
from scratch|с нуля|2026-04-02|learning||She built the business **from scratch**.|I made the cake **from scratch**.|We had to start **from scratch** after the crash.|Neutral. Можно использовать в большинстве контекстов. Запоминай как единое выражение — буквальный перевод не работает.
get your act together|взять себя в руки|2026-04-02|learning||You need to **get your act together** before the exam.|She finally **got her act together** and passed.|**Get your act together** or you'll be fired.|Neutral. Можно использовать в большинстве контекстов. Запоминай как единое выражение — буквальный перевод не работает.
go the distance|довести до конца; выдержать|2026-04-02|learning||He's got what it takes to **go the distance**.|She **went the distance** and finished the marathon.|Do you think they can **go the distance**?|Neutral. Можно использовать в большинстве контекстов. Запоминай как единое выражение — буквальный перевод не работает.
have a change of pace|сменить обстановку|2026-04-02|learning||I need to **have a change of pace** from office work.|A weekend away will give you **a change of pace**.|She moved to the countryside for **a change of pace**.|Neutral. Можно использовать в большинстве контекстов. Запоминай как единое выражение — буквальный перевод не работает.
in the long run|в долгосрочной перспективе|2026-04-02|learning||This investment will pay off **in the long run**.|**In the long run**, it's better to buy than rent.|Exercise helps **in the long run**.|Neutral. Можно использовать в большинстве контекстов. Запоминай как единое выражение — буквальный перевод не работает.
keep a low profile|не привлекать внимания|2026-04-02|learning||After the scandal, he **kept a low profile**.|She prefers to **keep a low profile** at work.|**Keep a low profile** until things calm down.|Neutral. Можно использовать в большинстве контекстов. Запоминай как единое выражение — буквальный перевод не работает.
leave it at that|оставить как есть|2026-04-02|learning||Let's just **leave it at that** and move on.|We disagreed but decided to **leave it at that**.|I don't want to argue — let's **leave it at that**.|Neutral. Можно использовать в большинстве контекстов. Запоминай как единое выражение — буквальный перевод не работает.
a stone's throw|в двух шагах|2026-04-11|learning||The park is **a stone's throw** from my house.|The hotel is **a stone's throw** from the beach.|We live **a stone's throw** from the school.|Neutral. Можно использовать в большинстве контекстов. Запоминай как единое выражение — буквальный перевод не работает.
add insult to injury|усугублять|2026-04-11|learning||To **add insult to injury**, it started to rain.|He lost his job, and to **add insult to injury**, his car broke down.|She was late, and to **add insult to injury**, forgot the keys.|Neutral. Можно использовать в большинстве контекстов. Запоминай как единое выражение — буквальный перевод не работает.
break new ground|прокладывать новый путь|2026-04-11|learning||The research **broke new ground** in medicine.|She **broke new ground** with her book.|This technology **breaks new ground**.|Neutral. Можно использовать в большинстве контекстов. Запоминай как единое выражение — буквальный перевод не работает.
catch someone off guard|застать врасплох|2026-04-11|learning||The question **caught me off guard**.|The news **caught her off guard**.|He was **caught off guard** by the visitor.|Neutral. Можно использовать в большинстве контекстов. Запоминай как единое выражение — буквальный перевод не работает.
come to grips with|разобраться с; смириться|2026-04-11|learning||She needs to **come to grips with** the situation.|He finally **came to grips with** his fears.|We must **come to grips with** this problem.|Neutral. Можно использовать в большинстве контекстов. Запоминай как единое выражение — буквальный перевод не работает.
cut a long story short|короче говоря|2026-04-11|learning||To **cut a long story short**, we missed the train.|**To cut a long story short**, they got married.|**Cutting a long story short**, I got the job.|Neutral. Можно использовать в большинстве контекстов. Запоминай как единое выражение — буквальный перевод не работает.
don't judge a book by its cover|не суди по внешности|2026-04-11|learning||**Don't judge a book by its cover** — he's very smart.|She learned to not **judge a book by its cover**.|As they say, **don't judge a book by its cover**.|Neutral. Можно использовать в большинстве контекстов. Запоминай как единое выражение — буквальный перевод не работает.
draw the line|провести черту; установить границу|2026-04-11|learning||You have to **draw the line** somewhere.|I **draw the line** at working weekends.|She **drew the line** at lying.|Neutral. Можно использовать в большинстве контекстов. Запоминай как единое выражение — буквальный перевод не работает.
face the music|нести ответственность|2026-04-11|learning||It's time to **face the music**.|He had to **face the music** for his mistakes.|She knew she would have to **face the music**.|Informal. Принять последствия своих действий. Часто после ошибки. "Time to face the music" = пора отвечать за дела.
get on someone's nerves|действовать на нервы|2026-04-11|learning||His noise **gets on my nerves**.|Stop it — you're **getting on my nerves**.|The constant delays **got on her nerves**.|Neutral. Можно использовать в большинстве контекстов. Запоминай как единое выражение — буквальный перевод не работает.
get the best of both worlds|получить лучшее от обоих вариантов|2026-04-11|learning||Working from home lets me **get the best of both worlds**.|She **gets the best of both worlds** — city and nature.|You can **get the best of both worlds** with this plan.|Neutral. Можно использовать в большинстве контекстов. Запоминай как единое выражение — буквальный перевод не работает.
go from bad to worse|становиться всё хуже|2026-04-11|learning||The situation **went from bad to worse**.|His health **went from bad to worse**.|Things **went from bad to worse** after the storm.|Neutral. Можно использовать в большинстве контекстов. Запоминай как единое выражение — буквальный перевод не работает.
have a sweet tooth|быть сладкоежкой|2026-04-11|learning||She **has a sweet tooth**.|I **have a sweet tooth** — I love cake.|He **has a sweet tooth** and eats candy every day.|Neutral. Можно использовать в большинстве контекстов. Запоминай как единое выражение — буквальный перевод не работает.
hit the books|засесть за учёбу|2026-04-11|learning||I need to **hit the books** before the exam.|She **hit the books** all weekend.|It's time to **hit the books**.|Informal / student. Засесть за учёбу. Перед экзаменом. "Time to hit the books".
in someone's shoes|на чьём-то месте|2026-04-11|learning||I wouldn't want to be **in his shoes**.|Put yourself **in her shoes**.|**In your shoes**, I'd accept the offer.|Neutral. Можно использовать в большинстве контекстов. Запоминай как единое выражение — буквальный перевод не работает.
it's a small world|мир тесен|2026-04-11|learning||I met my neighbour in Paris — **it's a small world**!|She works with my cousin — **it's a small world**.|We keep meeting — **it's a small world**!|Neutral. Можно использовать в большинстве контекстов. Запоминай как единое выражение — буквальный перевод не работает.
jump to conclusions|делать поспешные выводы|2026-04-11|learning||Don't **jump to conclusions** before you know the facts.|She always **jumps to conclusions**.|He **jumped to conclusions** about her.|Neutral. Можно использовать в большинстве контекстов. Запоминай как единое выражение — буквальный перевод не работает.
let bygones be bygones|кто старое помянет — тому глаз вон|2026-04-11|learning||Let's **let bygones be bygones** and move on.|She decided to **let bygones be bygones**.|It's best to **let bygones be bygones**.|Neutral. Можно использовать в большинстве контекстов. Запоминай как единое выражение — буквальный перевод не работает.
make a mountain out of a molehill|делать из мухи слона|2026-04-11|learning||Stop **making a mountain out of a molehill**.|She always **makes a mountain out of a molehill**.|Don't **make a mountain out of a molehill** — it's nothing.|Neutral. Можно использовать в большинстве контекстов. Запоминай как единое выражение — буквальный перевод не работает.
not my cup of tea|не моё|2026-04-11|learning||Horror films are **not my cup of tea**.|Cooking is **not my cup of tea**.|That music is **not my cup of tea**.|Neutral. Можно использовать в большинстве контекстов. Запоминай как единое выражение — буквальный перевод не работает.
once bitten, twice shy|обжёгшись на молоке, дуешь на воду|2026-04-11|learning||After that experience, **once bitten, twice shy**.|She won't trust him again — **once bitten, twice shy**.|**Once bitten, twice shy** — he checks everything now.|Neutral. Можно использовать в большинстве контекстов. Запоминай как единое выражение — буквальный перевод не работает.
on the tip of my tongue|вертится на языке|2026-04-11|learning||The word is **on the tip of my tongue**.|His name is **on the tip of my tongue**.|I know it — it's **on the tip of my tongue**!|Neutral. Можно использовать в большинстве контекстов. Запоминай как единое выражение — буквальный перевод не работает.
piece of mind|покой; спокойствие|2026-04-11|learning||The alarm gives me **peace of mind**.|Knowing she's safe gives me **peace of mind**.|Insurance provides **peace of mind**.|Neutral. Можно использовать в большинстве контекстов. Запоминай как единое выражение — буквальный перевод не работает.
pull yourself together|взять себя в руки|2026-04-11|learning||**Pull yourself together** — we need to go.|She told him to **pull himself together**.|I need to **pull myself together** before the meeting.|Neutral. Можно использовать в большинстве контекстов. Запоминай как единое выражение — буквальный перевод не работает.
put your foot in your mouth|сказать что-то неуместное|2026-04-11|learning||I really **put my foot in my mouth** at dinner.|She **put her foot in her mouth** by mentioning his ex.|He always **puts his foot in his mouth**.|Neutral. Можно использовать в большинстве контекстов. Запоминай как единое выражение — буквальный перевод не работает.
see the big picture|видеть общую картину|2026-04-11|learning||You need to **see the big picture**.|He can't **see the big picture** because of the details.|Try to **see the big picture** here.|Neutral. Можно использовать в большинстве контекстов. Запоминай как единое выражение — буквальный перевод не работает.
take it easy|не напрягаться; расслабиться|2026-04-11|learning||**Take it easy** — there's no rush.|The doctor told her to **take it easy**.|I'm going to **take it easy** this weekend.|Neutral. Можно использовать в большинстве контекстов. Запоминай как единое выражение — буквальный перевод не работает.
that's the last straw|это последняя капля|2026-04-02|learning||He was late again — **that's the last straw**!|**That's the last straw** — I'm leaving.|She quit after the mistake — it was **the last straw**.|Neutral. Можно использовать в большинстве контекстов. Запоминай как единое выражение — буквальный перевод не работает.
the apple of someone's eye|зеница ока|2026-04-11|learning||She's **the apple of her father's eye**.|The child is **the apple of his eye**.|Her grandson is **the apple of her eye**.|Neutral. Можно использовать в большинстве контекстов. Запоминай как единое выражение — буквальный перевод не работает.
the best of both worlds|лучшее от двух миров|2026-04-11|learning||This job gives me **the best of both worlds**.|Living near the city and nature — **the best of both worlds**.|She has **the best of both worlds**.|Neutral. Можно использовать в большинстве контекстов. Запоминай как единое выражение — буквальный перевод не работает.
the grass is always greener|хорошо там, где нас нет|2026-04-11|learning||He thinks the other job is better, but **the grass is always greener**.|Don't forget — **the grass is always greener** on the other side.|She moved but realized **the grass is always greener**.|Neutral. Можно использовать в большинстве контекстов. Запоминай как единое выражение — буквальный перевод не работает.
to each his own|у каждого свой вкус|2026-04-11|learning||I don't like it, but **to each his own**.|**To each his own** — she prefers cats.|He likes cold weather — well, **to each his own**.|Neutral. Можно использовать в большинстве контекстов. Запоминай как единое выражение — буквальный перевод не работает.
under the table|из-под полы; нелегально|2026-04-11|learning||He was paid **under the table**.|The deal was done **under the table**.|They do business **under the table**.|Neutral. Можно использовать в большинстве контекстов. Запоминай как единое выражение — буквальный перевод не работает.
up to your ears|по уши; завален|2026-04-11|learning||I'm **up to my ears** in work.|She's **up to her ears** in debt.|He's **up to his ears** in problems.|Neutral. Можно использовать в большинстве контекстов. Запоминай как единое выражение — буквальный перевод не работает.
wear many hats|совмещать много ролей|2026-04-11|learning||At a small company, you **wear many hats**.|She **wears many hats** — teacher, mother, writer.|He **wears many hats** at work.|Neutral. Можно использовать в большинстве контекстов. Запоминай как единое выражение — буквальный перевод не работает.
a penny for your thoughts|о чём задумался?|2026-04-11|learning||You look quiet — **a penny for your thoughts**?|**A penny for your thoughts** — you seem worried.|She smiled and said, "**a penny for your thoughts**."|Neutral. Можно использовать в большинстве контекстов. Запоминай как единое выражение — буквальный перевод не работает.
bark worse than bite|не так страшен чёрт|2026-04-11|learning||Don't worry, his **bark is worse than his bite**.|She seems scary, but her **bark is worse than her bite**.|The teacher's **bark is worse than his bite**.|Neutral. Можно использовать в большинстве контекстов. Запоминай как единое выражение — буквальный перевод не работает.
beat a dead horse|толочь воду в ступе|2026-04-11|learning||Stop **beating a dead horse** — the project is over.|There's no point **beating a dead horse**.|He keeps **beating a dead horse** about that topic.|Neutral. Можно использовать в большинстве контекстов. Запоминай как единое выражение — буквальный перевод не работает.
between a rock and a hard place|между двух огней|2026-04-11|learning||She's stuck **between a rock and a hard place**.|I'm **between a rock and a hard place** — both options are bad.|He felt **between a rock and a hard place**.|Neutral. Можно использовать в большинстве контекстов. Запоминай как единое выражение — буквальный перевод не работает.
born with a silver spoon|родиться с серебряной ложкой|2026-04-11|learning||He was **born with a silver spoon** in his mouth.|Not everyone is **born with a silver spoon**.|She wasn't **born with a silver spoon**, but she worked hard.|Neutral. Можно использовать в большинстве контекстов. Запоминай как единое выражение — буквальный перевод не работает.
burn the candle at both ends|работать на износ|2026-04-11|learning||She's **burning the candle at both ends** with two jobs.|Stop **burning the candle at both ends** — you need rest.|He **burnt the candle at both ends** during exams.|Neutral. Можно использовать в большинстве контекстов. Запоминай как единое выражение — буквальный перевод не работает.
by the book|по правилам|2026-04-11|learning||She always does things **by the book**.|The officer handled it **by the book**.|We need to do this **by the book**.|Neutral. Можно использовать в большинстве контекстов. Запоминай как единое выражение — буквальный перевод не работает.
come rain or shine|в любую погоду; несмотря ни на что|2026-04-02|learning||He jogs every morning, **come rain or shine**.|We'll be there, **come rain or shine**.|**Come rain or shine**, the show goes on.|Neutral. Можно использовать в большинстве контекстов. Запоминай как единое выражение — буквальный перевод не работает.
cost a pretty penny|стоить кучу денег|2026-04-11|learning||That car **cost a pretty penny**.|The renovation **cost a pretty penny**.|Her wedding dress **cost a pretty penny**.|Neutral. Можно использовать в большинстве контекстов. Запоминай как единое выражение — буквальный перевод не работает.
dead end|тупик|2026-04-11|learning||The road was a **dead end**.|His career reached a **dead end**.|The investigation hit a **dead end**.|Neutral. Можно использовать в большинстве контекстов. Запоминай как единое выражение — буквальный перевод не работает.
dig your own grave|рыть себе могилу|2026-04-11|learning||By lying, he's **digging his own grave**.|She's **digging her own grave** with those decisions.|Don't **dig your own grave** by ignoring the rules.|Neutral. Можно использовать в большинстве контекстов. Запоминай как единое выражение — буквальный перевод не работает.
eat humble pie|признать свою ошибку|2026-04-11|learning||After boasting, he had to **eat humble pie**.|She **ate humble pie** when she was wrong.|He'll have to **eat humble pie** if they win.|Neutral. Можно использовать в большинстве контекстов. Запоминай как единое выражение — буквальный перевод не работает.
every dog has its day|будет и на нашей улице праздник|2026-04-11|learning||Don't worry — **every dog has its day**.|He finally got promoted — **every dog has its day**.|**Every dog has its day**, and today is mine.|Neutral. Можно использовать в большинстве контекстов. Запоминай как единое выражение — буквальный перевод не работает.
get a taste of your own medicine|получить по заслугам|2026-04-11|learning||He was rude, and now he's **getting a taste of his own medicine**.|She **got a taste of her own medicine** when someone ignored her.|You'll **get a taste of your own medicine** one day.|Neutral. Можно использовать в большинстве контекстов. Запоминай как единое выражение — буквальный перевод не работает.
get your head around|понять; осмыслить|2026-04-11|learning||I can't **get my head around** this problem.|She finally **got her head around** the new system.|It took time to **get my head around** it.|Neutral. Можно использовать в большинстве контекстов. Запоминай как единое выражение — буквальный перевод не работает.
go against the grain|идти против течения|2026-04-11|learning||His decision **goes against the grain**.|It **goes against the grain** to lie.|She always **goes against the grain**.|Neutral. Можно использовать в большинстве контекстов. Запоминай как единое выражение — буквальный перевод не работает.
have butterflies in your stomach|нервничать|2026-04-11|learning||I **have butterflies in my stomach** before exams.|She **had butterflies in her stomach** on her first day.|He always **has butterflies in his stomach** before speaking.|Neutral. Можно использовать в большинстве контекстов. Запоминай как единое выражение — буквальный перевод не работает.
hit rock bottom|достичь дна|2026-04-11|learning||After losing his job, he **hit rock bottom**.|She **hit rock bottom** before things improved.|The company **hit rock bottom** last year.|Neutral. Можно использовать в большинстве контекстов. Запоминай как единое выражение — буквальный перевод не работает.
hold your horses|не торопись|2026-04-11|learning||**Hold your horses** — let me finish.|**Hold your horses**, we're not ready yet.|He told her to **hold her horses**.|Neutral. Можно использовать в большинстве контекстов. Запоминай как единое выражение — буквальный перевод не работает.
in the heat of the moment|сгоряча|2026-04-11|learning||I said it **in the heat of the moment**.|She apologized — it was said **in the heat of the moment**.|**In the heat of the moment**, he made a mistake.|Neutral. Можно использовать в большинстве контекстов. Запоминай как единое выражение — буквальный перевод не работает.
keep your head above water|еле сводить концы с концами|2026-04-11|learning||They're barely **keeping their heads above water**.|She worked two jobs to **keep her head above water**.|It's hard to **keep your head above water** these days.|Neutral. Можно использовать в большинстве контекстов. Запоминай как единое выражение — буквальный перевод не работает.
let the chips fall where they may|будь что будет|2026-04-11|learning||I'll tell the truth and **let the chips fall where they may**.|She did her best and **let the chips fall where they may**.|**Let the chips fall where they may** — I'm not afraid.|Neutral. Можно использовать в большинстве контекстов. Запоминай как единое выражение — буквальный перевод не работает.
lose your touch|потерять хватку|2026-04-11|learning||She hasn't **lost her touch** — her cooking is still great.|He seems to be **losing his touch**.|I hope I never **lose my touch**.|Neutral. Можно использовать в большинстве контекстов. Запоминай как единое выражение — буквальный перевод не работает.
mind your own business|не суй нос в чужие дела|2026-04-11|learning||**Mind your own business**!|She told him to **mind his own business**.|I wish people would **mind their own business**.|Neutral. Можно использовать в большинстве контекстов. Запоминай как единое выражение — буквальный перевод не работает.