phrasal_verb|translation|exportedAt|status|knownAt|s1|s2|s3
break down|сломаться; расплакаться|2026-04-02|learning||The car **broke down** on the highway.|She **broke down** in tears after the news.|The washing machine **broke down** again.
break in|вломиться; разносить обувь|2026-04-02|learning||Someone **broke in** while we were away.|I need to **break in** my new shoes.|A thief **broke in** through the window.
break into|вломиться в; начать внезапно|2026-04-02|learning||They **broke into** the house at night.|She **broke into** a big smile.|He **broke into** the office to steal files.
break off|отломить; прервать|2026-04-02|learning||She **broke off** a piece of chocolate.|They **broke off** the engagement last week.|He **broke off** in the middle of his speech.
break out|вспыхнуть; сбежать|2026-04-02|learning||A fire **broke out** in the kitchen.|War **broke out** in 1939.|He **broke out** of prison last night.
break through|прорваться; совершить прорыв|2026-04-02|learning||The sun **broke through** the clouds.|Scientists **broke through** with a new treatment.|The team **broke through** after months of work.
break up|расстаться; разбить на части|2026-04-02|learning||They **broke up** after three years together.|The teacher **broke up** the fight.|Let's **break up** this task into smaller steps.
bring back|вернуть; вызвать воспоминания|2026-04-02|learning||Please **bring back** my book tomorrow.|This song **brings back** happy memories.|Can you **bring back** some milk from the shop?
bring down|снизить; свергнуть|2026-04-02|learning||We must **bring down** inflation.|The protesters **brought down** the regime.|Heavy rain **brought down** the power lines.
bring in|ввести; приносить доход|2026-04-02|learning||They **brought in** a new law last year.|The business **brings in** good money.|The company **brought in** an outside expert.
bring out|выпустить; выявить|2026-04-02|learning||They **brought out** a new phone model.|The sun **brings out** the colour in your hair.|She **brings out** the best in people.
bring up|воспитать; поднять тему|2026-04-02|learning||She was **brought up** by her grandparents.|Don't **bring up** that topic again.|He **brought up** an interesting point.
call back|перезвонить|2026-04-02|learning||Can you **call** me **back** in ten minutes?|I'll **call** you **back** after the meeting.|She asked him to **call back** later.
call for|требовать; зайти за кем-то|2026-04-02|learning||This situation **calls for** patience.|I'll **call for** you at seven.|The job **calls for** strong skills.
call off|отменить|2026-04-02|learning||They **called off** the wedding.|The game was **called off** due to rain.|We had to **call off** the search.
call on|навестить; призвать|2026-04-02|learning||The teacher **called on** me to answer.|We **called on** our friends on Sunday.|He **called on** the team to work harder.
carry on|продолжать|2026-04-02|learning||Please **carry on** with your work.|She **carried on** talking as if nothing happened.|**Carry on** without me, I'll catch up.
carry out|выполнить; провести|2026-04-02|learning||The doctor **carried out** the operation.|We need to **carry out** more tests.|They **carried out** his instructions carefully.
check in|зарегистрироваться|2026-04-02|learning||We **checked in** at the hotel at noon.|You can **check in** online before your flight.|Please **check in** at the front desk.
check out|выписаться; проверить|2026-04-02|learning||We **checked out** of the hotel at ten.|You should **check out** this new restaurant.|He **checked out** the book from the library.
cheer up|подбодрить; повеселеть|2026-04-02|learning||**Cheer up**! Things will get better.|I bought her flowers to **cheer** her **up**.|He **cheered up** when he saw his friends.
clean up|убрать; навести порядок|2026-04-02|learning||Please **clean up** your room before dinner.|We **cleaned up** after the party.|The city **cleaned up** the park.
come across|наткнуться на|2026-04-02|learning||I **came across** an old photo yesterday.|She **came across** as very friendly.|We **came across** a nice cafe on the way.
come along|идти вместе; продвигаться|2026-04-02|learning||Would you like to **come along** with us?|How is your project **coming along**?|**Come along**, we're going to be late!
come around|передумать; прийти в себя|2026-04-02|learning||She'll **come around** to the idea eventually.|He **came around** after a few minutes.|My parents finally **came around** to my plan.
come back|вернуться|2026-04-02|learning||When are you **coming back**?|He **came back** from holiday last week.|The memory **came back** to me suddenly.
come down with|заболеть|2026-04-02|learning||I think I'm **coming down with** a cold.|She **came down with** the flu last week.|He **came down with** a fever.
come in|войти|2026-04-02|learning||Please **come in** and sit down.|The train **came in** ten minutes late.|New information **came in** this morning.
come out|выйти; стать известным|2026-04-02|learning||Her new book **comes out** next month.|The truth **came out** in the end.|The photos **came out** very well.
come up|возникнуть|2026-04-02|learning||Something **came up** and I can't make it.|A problem **came up** at work today.|The topic **came up** during the meeting.
come up with|придумать|2026-04-02|learning||She **came up with** a brilliant idea.|Can you **come up with** a better plan?|He **came up with** the answer quickly.
count on|рассчитывать на|2026-04-02|learning||You can always **count on** me.|I'm **counting on** you to help.|She **counts on** her team for support.
crack down on|принять жёсткие меры|2026-04-02|learning||Police **cracked down on** illegal parking.|The school **cracked down on** bullying.|They **cracked down on** tax cheating.
cut back|сократить|2026-04-02|learning||We need to **cut back** on spending.|He **cut back** on sugar last month.|The company **cut back** on staff.
cut down on|сократить потребление|2026-04-02|learning||I'm trying to **cut down on** coffee.|She **cut down on** junk food.|You should **cut down on** screen time.
cut off|отрезать; отключить|2026-04-02|learning||They **cut off** the electricity.|She **cut off** all contact with him.|The village was **cut off** by the flood.
cut out|вырезать; прекратить|2026-04-02|learning||**Cut out** the noise, please!|She **cut out** pictures from a magazine.|He **cut out** sugar from his diet.
deal with|справляться с|2026-04-02|learning||How do you **deal with** stress?|I'll **deal with** this problem tomorrow.|She **deals with** customers every day.
do without|обойтись без|2026-04-02|learning||We can't **do without** the internet.|I'll have to **do without** a car for now.|She learned to **do without** luxury.
drop by|заскочить|2026-04-02|learning||Feel free to **drop by** anytime.|I'll **drop by** your office later.|She **dropped by** to say hello.
drop off|высадить; задремать|2026-04-02|learning||Can you **drop** me **off** at the station?|I **dropped off** during the film.|She **drops off** the kids at school.
drop out|бросить учёбу|2026-04-02|learning||He **dropped out** of university.|Many students **drop out** in the first year.|She never **dropped out**, she finished.
end up|оказаться в итоге|2026-04-02|learning||We **ended up** staying home.|He **ended up** in the wrong city.|If you don't study, you'll **end up** failing.
face up to|признать; принять|2026-04-02|learning||You need to **face up to** your problems.|She **faced up to** the truth.|He couldn't **face up to** his mistakes.
fall apart|развалиться|2026-04-02|learning||The old house is **falling apart**.|My shoes are **falling apart**.|Their marriage **fell apart** last year.
fall behind|отстать|2026-04-02|learning||Don't **fall behind** with your homework.|She **fell behind** the rest of the class.|We **fell behind** on payments.
fall for|влюбиться; попасться|2026-04-02|learning||She **fell for** him at first sight.|Don't **fall for** that old trick.|He **fell for** the scam online.
fall out|поссориться|2026-04-02|learning||They **fell out** over money.|She **fell out** with her best friend.|The brothers **fell out** years ago.
fall through|сорваться|2026-04-02|learning||The deal **fell through** at the last moment.|Our holiday plans **fell through**.|The sale **fell through** because of a loan.
figure out|разобраться; понять|2026-04-02|learning||I can't **figure out** this puzzle.|She **figured out** the answer quickly.|We need to **figure out** what to do next.
fill in|заполнить; ввести в курс дела|2026-04-02|learning||Please **fill in** this form.|Can you **fill** me **in** on what happened?|She **filled in** all the details.
fill out|заполнить анкету|2026-04-02|learning||You need to **fill out** an application.|He **filled out** the form in five minutes.|Please **fill out** your name and address.
fill up|наполнить доверху|2026-04-02|learning||**Fill up** the tank, please.|The room **filled up** quickly.|She **filled up** her glass with water.
find out|узнать; выяснить|2026-04-02|learning||I need to **find out** what time it starts.|She **found out** about the party.|Did you **find out** the answer?
freak out|запаниковать|2026-04-02|learning||Don't **freak out**, it's just a spider.|She **freaked out** when she saw the bill.|He **freaked out** before the exam.
get along|ладить|2026-04-02|learning||Do you **get along** with your neighbours?|They **get along** really well.|We don't **get along** at all.
get away|убежать; уехать отдохнуть|2026-04-02|learning||The thief **got away** in a black car.|We need to **get away** for a few days.|She wants to **get away** from the city.
get away with|избежать наказания|2026-04-02|learning||He always **gets away with** everything.|You won't **get away with** this.|She **got away with** not doing her homework.
get back|вернуться|2026-04-02|learning||When did you **get back** from Paris?|I'll **get back** to you tomorrow.|We **got back** home very late.
get by|сводить концы с концами|2026-04-02|learning||It's hard to **get by** on a low salary.|She **gets by** with help from her family.|We can **get by** without a car.
get down to|приступить к|2026-04-02|learning||Let's **get down to** business.|It's time to **get down to** work.|She finally **got down to** studying.
get in|войти; сесть в машину|2026-04-02|learning||**Get in** the car, we're late.|She **got in** through the back door.|What time did you **get in** last night?
get into|увлечься; попасть в|2026-04-02|learning||She **got into** yoga last year.|He **got into** a good university.|I'm **getting into** cooking lately.
get off|выйти из транспорта|2026-04-02|learning||We **get off** at the next stop.|She **got off** the bus near the park.|**Get off** at the third station.
get on|сесть в транспорт; ладить|2026-04-02|learning||**Get on** the bus quickly.|How are you **getting on** at work?|She **gets on** well with everyone.
get out|выбраться|2026-04-02|learning||Let's **get out** of here!|She **got out** of the car slowly.|He needs to **get out** more often.
get over|оправиться от|2026-04-02|learning||She **got over** the cold quickly.|He still hasn't **got over** the breakup.|You'll **get over** it in a few days.
get rid of|избавиться от|2026-04-02|learning||I want to **get rid of** these old books.|She **got rid of** her old phone.|We need to **get rid of** this junk.
get through|дозвониться; пережить|2026-04-02|learning||I can't **get through** to him by phone.|We'll **get through** this together.|She **got through** the exam somehow.
get together|собраться|2026-04-02|learning||Let's **get together** this weekend.|We **got together** with old friends.|The team **gets together** every Monday.
get up|встать|2026-04-02|learning||I **get up** at seven every morning.|She **got up** early for the meeting.|**Get up**, it's time for school!
give away|отдать бесплатно; выдать секрет|2026-04-02|learning||She **gave away** all her old clothes.|Don't **give away** the ending of the film!|They **gave away** free samples.
give back|вернуть|2026-04-02|learning||Please **give back** my pen.|She **gave back** the money she borrowed.|He never **gave back** my book.
give in|уступить|2026-04-02|learning||She finally **gave in** to his request.|Don't **give in** to pressure.|The kids begged and I **gave in**.
give off|выделять запах, тепло|2026-04-02|learning||The flowers **give off** a nice smell.|The fire **gives off** a lot of heat.|The factory **gives off** a terrible smell.
give out|раздать; закончиться|2026-04-02|learning||They **gave out** free tickets.|My legs **gave out** after the run.|The teacher **gave out** the tests.
give up|бросить; сдаться|2026-04-02|learning||She **gave up** smoking last year.|Don't **give up**, keep trying!|He **gave up** looking for his keys.
go ahead|начинать; действовать|2026-04-02|learning||**Go ahead**, I'm listening.|The project will **go ahead** as planned.|She **went ahead** and booked the tickets.
go away|уйти; уехать|2026-04-02|learning||**Go away**, I'm busy!|The pain will **go away** soon.|We're **going away** for the weekend.
go back|вернуться|2026-04-02|learning||Let's **go back** to the hotel.|I want to **go back** to that restaurant.|She **went back** to sleep.
go by|проходить; ориентироваться|2026-04-02|learning||Time **goes by** so fast.|We can't **go by** his words alone.|Two months **went by** without any news.
go down|снизиться|2026-04-02|learning||Prices **went down** this month.|The sun **goes down** at eight today.|The temperature **went down** last night.
go for|стремиться к; выбрать|2026-04-02|learning||I'll **go for** the cheapest option.|She **went for** a walk in the park.|He decided to **go for** it.
go off|сработать; испортиться|2026-04-02|learning||The alarm **went off** at six.|The milk has **gone off**.|A bomb **went off** in the city centre.
go on|продолжать; происходить|2026-04-02|learning||**Go on**, tell me more.|What's **going on** here?|The meeting **went on** for two hours.
go out|выйти; погаснуть|2026-04-02|learning||We **went out** for dinner last night.|The lights **went out** suddenly.|She **goes out** with friends every Friday.
go over|повторить; просмотреть|2026-04-02|learning||Let's **go over** the plan one more time.|She **went over** her notes before the exam.|The teacher **went over** the homework.
go through|пережить; просмотреть|2026-04-02|learning||She **went through** a difficult time.|I need to **go through** my emails.|He **went through** all the documents.
grow up|вырасти|2026-04-02|learning||Where did you **grow up**?|I **grew up** in a small town.|She wants to be a doctor when she **grows up**.
hand in|сдать|2026-04-02|learning||Please **hand in** your homework tomorrow.|She **handed in** her report on time.|He forgot to **hand in** the form.
hand out|раздать|2026-04-02|learning||The teacher **handed out** the tests.|They **handed out** flyers on the street.|She **handed out** candy to the kids.
hand over|передать|2026-04-02|learning||He **handed over** the keys to the buyer.|**Hand over** the documents, please.|She **handed over** her passport.
hang on|подождать; держаться|2026-04-02|learning||**Hang on**, I'll be right back.|**Hang on** tight, the road is bumpy.|Can you **hang on** for a minute?
hang out|проводить время|2026-04-02|learning||We **hung out** at the cafe all day.|I like to **hang out** with my friends.|Where do you usually **hang out**?
hang up|повесить трубку|2026-04-02|learning||She **hung up** the phone.|Don't **hang up**, I need to tell you something.|He **hung up** his coat on the hook.
hold back|сдержать|2026-04-02|learning||She tried to **hold back** her tears.|Don't **hold back**, tell me everything.|The police **held back** the crowd.
hold on|подождать; держаться|2026-04-02|learning||**Hold on**, I'll check for you.|**Hold on** to the railing.|Can you **hold on** a moment?
hold up|задержать; ограбить|2026-04-02|learning||Sorry, the traffic **held** me **up**.|Two men **held up** the bank.|The rain **held up** our plans.
hurry up|поторопиться|2026-04-02|learning||**Hurry up**, we'll miss the bus!|She told him to **hurry up**.|We need to **hurry up** and finish.
keep away|держаться подальше|2026-04-02|learning||**Keep away** from the edge!|She told the children to **keep away**.|**Keep away** from strangers.
keep on|продолжать|2026-04-02|learning||She **keeps on** making the same mistake.|**Keep on** trying, you'll succeed.|He **kept on** talking during the film.
keep up with|не отставать от|2026-04-02|learning||It's hard to **keep up with** the news.|She **keeps up with** all the latest trends.|I can't **keep up with** you, slow down!
kick off|начаться|2026-04-02|learning||The match **kicks off** at three.|The meeting **kicked off** with a speech.|Let's **kick off** with the first topic.
knock down|снести; сбить|2026-04-02|learning||They **knocked down** the old building.|The car nearly **knocked** him **down**.|The storm **knocked down** several trees.
knock out|нокаутировать; поразить|2026-04-02|learning||The boxer **knocked out** his opponent.|The view **knocked** me **out**.|The medicine **knocked** her **out** for hours.
lay off|уволить по сокращению|2026-04-02|learning||The factory **laid off** 200 workers.|She was **laid off** last month.|The company had to **lay off** staff.
leave out|пропустить; исключить|2026-04-02|learning||You **left out** an important detail.|Don't **leave** anyone **out**.|She **left out** sugar from the recipe.
let down|подвести; разочаровать|2026-04-02|learning||He **let** me **down** again.|Don't **let** your team **down**.|She felt **let down** by her friend.
let in|впустить|2026-04-02|learning||Can you **let** the cat **in**?|She **let** me **in** through the back door.|Don't **let** strangers **in**.
line up|выстроиться в очередь|2026-04-02|learning||People **lined up** outside the shop.|Please **line up** by the door.|The children **lined up** for lunch.
live up to|оправдать ожидания|2026-04-02|learning||The film didn't **live up to** the hype.|She **lived up to** her promise.|The hotel **lived up to** its reviews.
look after|заботиться о|2026-04-02|learning||Who **looks after** your cat?|She **looks after** her elderly parents.|Can you **look after** my bag?
look around|осмотреться|2026-04-02|learning||Let's **look around** the shop.|She **looked around** but saw nobody.|We **looked around** the old town.
look for|искать|2026-04-02|learning||I'm **looking for** my keys.|She's **looking for** a new job.|What are you **looking for**?
look forward to|ждать с нетерпением|2026-04-02|learning||I **look forward to** seeing you.|She **looks forward to** the holidays.|We're **looking forward to** the trip.
look into|расследовать|2026-04-02|learning||The police are **looking into** the case.|I'll **look into** it for you.|She **looked into** the problem.
look out|осторожно!|2026-04-02|learning||**Look out**! There's a car coming!|You need to **look out** for ice on the road.|**Look out** for pickpockets in the city.
look up|найти в словаре/интернете|2026-04-02|learning||**Look up** the word in the dictionary.|She **looked up** the recipe online.|I need to **look up** his phone number.
look up to|уважать; восхищаться|2026-04-02|learning||She **looks up to** her older sister.|Kids **look up to** their parents.|He **looks up to** his coach.
make for|направиться к|2026-04-02|learning||She **made for** the exit.|They **made for** the nearest shelter.|Let's **make for** the car park.
make out|разобрать; понять|2026-04-02|learning||I can't **make out** what he's saying.|She could barely **make out** the sign.|Can you **make out** the writing?
make up|выдумать; помириться; накраситься|2026-04-02|learning||He **made up** the whole story.|They argued but **made up** the next day.|She **made up** her face for the party.
make up for|компенсировать|2026-04-02|learning||I'll **make up for** the lost time.|He **made up for** his mistake.|Nothing can **make up for** the delay.
mess up|испортить; напортачить|2026-04-02|learning||I **messed up** the report.|Don't **mess up** this chance.|She **messed up** her hair in the rain.
miss out|упустить|2026-04-02|learning||You'll **miss out** if you don't come.|I **missed out** on the sale.|Don't **miss out** on this opportunity.
mix up|перепутать|2026-04-02|learning||I always **mix up** their names.|She **mixed up** the dates.|Don't **mix up** these two bottles.
move in|въехать в жильё|2026-04-02|learning||We **moved in** last week.|She's **moving in** with her boyfriend.|When are you **moving in**?
move on|двигаться дальше|2026-04-02|learning||Let's **move on** to the next topic.|She **moved on** after the breakup.|It's time to **move on**.
move out|выехать из жилья|2026-04-02|learning||He **moved out** of his parents' house.|We need to **move out** by Friday.|She **moved out** last month.
pass away|скончаться|2026-04-02|learning||Her grandmother **passed away** last year.|He **passed away** peacefully in his sleep.|The old man **passed away** at 92.
pass out|потерять сознание|2026-04-02|learning||She **passed out** from the heat.|He **passed out** during the exam.|I almost **passed out** when I saw the bill.
pay back|вернуть долг|2026-04-02|learning||I'll **pay** you **back** on Friday.|She **paid back** every penny.|When can you **pay** me **back**?
pay off|окупиться; выплатить|2026-04-02|learning||All the hard work **paid off**.|She **paid off** her student loan.|The investment finally **paid off**.
pick on|придираться|2026-04-02|learning||Stop **picking on** your little brother.|The bully **picked on** the new kid.|Why do you always **pick on** me?
pick out|выбрать|2026-04-02|learning||She **picked out** a nice dress.|Can you **pick out** the right one?|He **picked out** a gift for her.
pick up|поднять; забрать; подхватить|2026-04-02|learning||Can you **pick up** the kids from school?|She **picked up** Spanish very quickly.|He **picked up** the phone and called.
point out|указать на|2026-04-02|learning||She **pointed out** a mistake in the text.|I'd like to **point out** one problem.|He **pointed out** that we were late.
pull off|осуществить успешно|2026-04-02|learning||She **pulled off** a great performance.|They **pulled off** the deal.|I don't think he can **pull it off**.
pull out|выйти из; вытащить|2026-04-02|learning||He **pulled out** of the project.|She **pulled out** a book from her bag.|The car **pulled out** of the parking lot.
pull over|остановиться на обочине|2026-04-02|learning||The police told him to **pull over**.|She **pulled over** to check the map.|Let's **pull over** and take a break.
pull through|выкарабкаться|2026-04-02|learning||The doctor said she'll **pull through**.|He **pulled through** after the surgery.|We'll **pull through** this crisis.
push on|продолжать несмотря на трудности|2026-04-02|learning||We need to **push on** despite the rain.|She **pushed on** with her studies.|Let's **push on** and finish today.
put away|убрать на место|2026-04-02|learning||**Put away** your toys, please.|She **put away** the dishes.|He **put away** money every month.
put down|положить; унизить|2026-04-02|learning||**Put down** your phone and listen.|He always **puts** her **down** in public.|She **put down** the heavy bag.
put off|отложить; оттолкнуть|2026-04-02|learning||Don't **put off** your homework.|The smell **put** me **off** my food.|We **put off** the meeting until Friday.
put on|надеть; включить|2026-04-02|learning||**Put on** your jacket, it's cold.|She **put on** some music.|He **put on** weight over the winter.
put out|потушить; причинить неудобство|2026-04-02|learning||The firefighters **put out** the fire.|I don't want to **put** you **out**.|She **put out** the candle before bed.
put up with|мириться с; терпеть|2026-04-02|learning||I can't **put up with** this noise.|She **puts up with** a lot at work.|How do you **put up with** him?
run away|убежать|2026-04-02|learning||The dog **ran away** from home.|She **ran away** as a teenager.|Don't **run away** from your problems.
run into|случайно встретить; столкнуться|2026-04-02|learning||I **ran into** my old teacher today.|We **ran into** some problems.|She **ran into** him at the airport.
run out|закончиться|2026-04-02|learning||We've **run out** of milk.|Time is **running out**.|The printer **ran out** of paper.
run over|переехать; затянуться|2026-04-02|learning||A car nearly **ran over** the cat.|The meeting **ran over** by an hour.|He **ran over** the main points again.
save up|накопить|2026-04-02|learning||I'm **saving up** for a new laptop.|She **saved up** enough for a holiday.|They **saved up** money for years.
see off|проводить|2026-04-02|learning||We went to the airport to **see** her **off**.|He **saw off** his guests at the door.|She **saw** them **off** with a big smile.
sell out|распродать|2026-04-02|learning||The concert **sold out** in an hour.|Tickets **sold out** very quickly.|The shop **sold out** of bread.
send out|разослать|2026-04-02|learning||She **sent out** invitations last week.|They **sent out** emails to everyone.|The company **sent out** a notice.
set off|отправиться в путь|2026-04-02|learning||We **set off** early in the morning.|They **set off** for the mountains.|She **set off** on her journey alone.
set out|отправиться; намереваться|2026-04-02|learning||He **set out** to prove them wrong.|We **set out** at dawn.|She **set out** her plans clearly.
set up|создать; настроить|2026-04-02|learning||She **set up** her own business.|Can you help me **set up** the computer?|They **set up** a meeting for Monday.
settle down|осесть; успокоиться|2026-04-02|learning||He wants to **settle down** and start a family.|**Settle down**, class!|They **settled down** in a small village.
settle for|довольствоваться|2026-04-02|learning||Don't **settle for** less than you deserve.|She **settled for** a smaller flat.|He didn't **settle for** second place.
show off|хвастаться|2026-04-02|learning||Stop **showing off** in front of everyone.|He loves to **show off** his new car.|She **showed off** her dancing skills.
show up|появиться|2026-04-02|learning||She **showed up** an hour late.|Only three people **showed up**.|He never **showed up** to the meeting.
shut down|выключить; закрыть|2026-04-02|learning||The factory **shut down** last year.|Please **shut down** your computer.|The website **shut down** for repairs.
shut up|замолчать|2026-04-02|learning||Can you **shut up** for a minute?|He told them to **shut up**.|She wouldn't **shut up** about her trip.
sign up|записаться; зарегистрироваться|2026-04-02|learning||I **signed up** for a gym membership.|She **signed up** for the course online.|**Sign up** before all spots are taken.
sit down|садиться|2026-04-02|learning||Please **sit down** and relax.|She **sat down** next to me.|Let's **sit down** and talk about it.
slow down|замедлить|2026-04-02|learning||**Slow down**, you're driving too fast.|Business has **slowed down** this month.|She told him to **slow down** and rest.
sort out|решить проблему; разобраться|2026-04-02|learning||We need to **sort out** this mess.|She **sorted out** the paperwork.|I'll **sort** it **out** by tomorrow.
speak up|говорить громче; высказаться|2026-04-02|learning||Can you **speak up**? I can't hear you.|She **spoke up** against the plan.|Don't be afraid to **speak up**.
speed up|ускорить|2026-04-02|learning||Can you **speed up** a bit?|The factory **sped up** production.|We need to **speed up** the process.
split up|расстаться; разделиться|2026-04-02|learning||They **split up** two months ago.|Let's **split up** into two groups.|The band **split up** in 2020.
stand by|поддерживать; быть наготове|2026-04-02|learning||I'll always **stand by** you.|The ambulance is **standing by**.|She **stood by** her decision.
stand for|означать; отстаивать|2026-04-02|learning||What does "UN" **stand for**?|I won't **stand for** this behaviour.|The letters **stand for** "World Health."
stand out|выделяться|2026-04-02|learning||Her red dress **stood out** in the crowd.|He **stands out** as the best player.|This work really **stands out**.
stand up|встать|2026-04-02|learning||Please **stand up** when the teacher enters.|She **stood up** and left the room.|He **stood up** to give her his seat.
start over|начать заново|2026-04-02|learning||The file was lost, so I had to **start over**.|Let's **start over** from the beginning.|She **started over** in a new city.
step down|уйти в отставку|2026-04-02|learning||The CEO **stepped down** last week.|She **stepped down** from her position.|He plans to **step down** next year.
stick to|придерживаться|2026-04-02|learning||**Stick to** the plan.|She always **sticks to** her word.|I try to **stick to** a healthy diet.
stop by|заехать|2026-04-02|learning||I'll **stop by** after work.|She **stopped by** to say hello.|Feel free to **stop by** anytime.
take after|быть похожим на родственника|2026-04-02|learning||She **takes after** her mother.|He **takes after** his father in looks.|The boy **takes after** his grandfather.
take apart|разобрать на части|2026-04-02|learning||He **took apart** the old radio.|She **took** the engine **apart**.|Can you **take apart** this shelf?
take away|забрать; унести|2026-04-02|learning||Please **take away** the dirty plates.|The police **took** him **away**.|Can I get a coffee to **take away**?
take back|вернуть; взять слова обратно|2026-04-02|learning||I want to **take back** what I said.|She **took** the dress **back** to the shop.|He **took back** his promise.
take down|записать; снять|2026-04-02|learning||Let me **take down** your number.|They **took down** the old poster.|She **took down** notes during the talk.
take in|приютить; обмануть; усвоить|2026-04-02|learning||She **took in** a stray cat.|He was **taken in** by the scam.|There's too much to **take in** at once.
take off|снять; взлететь; стать популярным|2026-04-02|learning||**Take off** your shoes at the door.|The plane **took off** on time.|Her career **took off** after the show.
take on|взять на себя; нанять|2026-04-02|learning||She **took on** extra work this month.|The company **took on** ten new staff.|Don't **take on** more than you can handle.
take out|вынуть; пригласить куда-то|2026-04-02|learning||He **took out** his wallet and paid.|She **took** him **out** for dinner.|I need to **take out** some cash.
take over|взять под контроль|2026-04-02|learning||The new boss **took over** in January.|A big company **took over** the firm.|Can you **take over** while I'm away?
take to|полюбить; привыкнуть|2026-04-02|learning||The kids **took to** the new teacher.|She **took to** swimming right away.|He never **took to** city life.
talk into|уговорить|2026-04-02|learning||She **talked** me **into** going to the party.|He **talked** them **into** buying the car.|Don't let him **talk** you **into** it.
talk out of|отговорить|2026-04-02|learning||I **talked** her **out of** quitting.|He **talked** me **out of** buying it.|She **talked** him **out of** the idea.
tell off|отчитать; отругать|2026-04-02|learning||The teacher **told** him **off** for being late.|She **told off** the noisy neighbours.|My mum **told** me **off** for lying.
think over|обдумать|2026-04-02|learning||I need time to **think** it **over**.|She **thought over** the offer carefully.|Let me **think** it **over** and call you.
throw away|выбросить|2026-04-02|learning||Don't **throw away** those boxes.|She **threw away** old newspapers.|He **threw away** his chance.
throw up|вырвать|2026-04-02|learning||She felt sick and **threw up**.|The child **threw up** after the ride.|He **threw up** everything he ate.
top up|пополнить|2026-04-02|learning||I need to **top up** my phone.|Can you **top up** my glass?|She **topped up** her travel card.
turn around|развернуться; изменить к лучшему|2026-04-02|learning||**Turn around** and face me.|The company **turned around** after the crisis.|She **turned around** and walked away.
turn down|отклонить; убавить|2026-04-02|learning||She **turned down** the job offer.|Can you **turn down** the music?|He **turned down** the invitation.
turn into|превратиться в|2026-04-02|learning||The rain **turned into** snow.|She **turned into** a great leader.|The house was **turned into** a hotel.
turn off|выключить|2026-04-02|learning||**Turn off** the lights when you leave.|She **turned off** the TV.|Don't forget to **turn off** the oven.
turn on|включить|2026-04-02|learning||**Turn on** the radio, please.|She **turned on** her laptop.|He **turned on** the heating.
turn out|оказаться; прийти на мероприятие|2026-04-02|learning||It **turned out** to be a great party.|Many people **turned out** for the concert.|The weather **turned out** fine.
turn over|перевернуть; передать|2026-04-02|learning||She **turned over** the page.|He **turned** the company **over** to his son.|**Turn over** and go back to sleep.
turn up|появиться; сделать громче|2026-04-02|learning||He **turned up** two hours late.|Can you **turn up** the volume?|My lost keys **turned up** under the sofa.
use up|израсходовать|2026-04-02|learning||We've **used up** all the sugar.|She **used up** her holiday days.|Don't **use up** all the hot water.
wake up|проснуться; разбудить|2026-04-02|learning||I **wake up** at six every day.|The noise **woke** me **up**.|She **woke up** feeling much better.
warm up|разогреть; размяться|2026-04-02|learning||Let me **warm up** the soup.|The players **warmed up** before the game.|The weather is **warming up** at last.
wash up|помыть посуду|2026-04-02|learning||I'll **wash up** after dinner.|She **washed up** all the plates.|It's your turn to **wash up**.
watch out|быть осторожным|2026-04-02|learning||**Watch out**! The floor is wet.|You should **watch out** for pickpockets.|**Watch out** for cars when you cross.
wear off|выветриться; пройти|2026-04-02|learning||The pain will **wear off** in an hour.|The effect of the medicine **wore off**.|The excitement **wore off** quickly.
wear out|износить; вымотать|2026-04-02|learning||My shoes are **worn out**.|The long walk **wore** me **out**.|These tyres **wear out** fast.
wind down|расслабиться; свернуть|2026-04-02|learning||I like to **wind down** with a book.|The party started to **wind down** at midnight.|She needs time to **wind down** after work.
wind up|оказаться; разозлить|2026-04-02|learning||We **wound up** eating pizza again.|He always **winds** me **up**.|She **wound up** in the wrong town.
wipe out|уничтожить; стереть|2026-04-02|learning||The storm **wiped out** the village.|He **wiped out** all the data.|Dinosaurs were **wiped out** millions of years ago.
work on|работать над|2026-04-02|learning||She's **working on** a new project.|I need to **work on** my English.|He **worked on** the car all weekend.
work out|тренироваться; решиться; вычислить|2026-04-02|learning||She **works out** at the gym every day.|Everything **worked out** in the end.|Can you **work out** the total?
work through|проработать проблему|2026-04-02|learning||We need to **work through** these issues.|She **worked through** her feelings.|Let's **work through** it step by step.
wrap up|завершить; укутаться|2026-04-02|learning||Let's **wrap up** the meeting.|**Wrap up** warm, it's freezing outside.|She **wrapped up** the project on time.
write down|записать|2026-04-02|learning||**Write down** your phone number.|She **wrote down** the address.|I always **write down** new words.
ask out|пригласить на свидание|2026-04-02|learning||He finally **asked** her **out**.|She was too shy to **ask** him **out**.|Would you ever **ask out** a stranger?
back up|поддержать; сдать назад; сделать копию|2026-04-02|learning||Can you **back up** your car a bit?|She **backed** me **up** in the meeting.|Don't forget to **back up** your files.
blow up|взорвать(ся); надуть; разозлиться|2026-04-02|learning||The balloon **blew up** in his face.|They **blew up** the old bridge.|She **blew up** at him for being late.
bring about|вызвать; привести к|2026-04-02|learning||The new law **brought about** many changes.|What **brought about** this decision?|Technology **brought about** a revolution.
bring along|взять с собой|2026-04-02|learning||Can I **bring along** a friend?|She **brought along** some snacks.|**Bring along** an umbrella, it might rain.
build up|нарастить; накопить|2026-04-02|learning||He **built up** his business over ten years.|Stress **builds up** if you don't rest.|She **built up** her confidence slowly.
burn down|сгореть; сжечь|2026-04-02|learning||The house **burned down** last night.|Someone **burned down** the old barn.|The factory **burned down** completely.
burn out|выгореть; перегореть|2026-04-02|learning||The light bulb **burned out**.|She **burned out** from working too hard.|Don't **burn** yourself **out** with overtime.
calm down|успокоиться|2026-04-02|learning||**Calm down**, everything is fine.|She **calmed down** after a cup of tea.|It took him an hour to **calm down**.
call up|позвонить; призвать в армию|2026-04-02|learning||I'll **call** you **up** tonight.|He was **called up** to serve in the army.|She **called up** an old friend.
catch up|наверстать; встретиться|2026-04-02|learning||I need to **catch up** on my reading.|Let's **catch up** over coffee.|She's trying to **catch up** with the class.
clean out|вычистить; опустошить|2026-04-02|learning||I need to **clean out** the garage.|The burglars **cleaned out** the shop.|She **cleaned out** her old desk.
close down|закрыться навсегда|2026-04-02|learning||The shop **closed down** last year.|They **closed down** the factory.|The restaurant **closed down** due to debts.
come down|снизиться; спуститься|2026-04-02|learning||Prices have **come down** this month.|She **came down** the stairs slowly.|House prices **came down** after the crisis.
cross out|зачеркнуть|2026-04-02|learning||**Cross out** any mistakes on the form.|She **crossed out** the wrong answer.|He **crossed out** his old address.
die out|вымереть; исчезнуть|2026-04-02|learning||Many species are **dying out**.|That tradition has almost **died out**.|The dinosaurs **died out** long ago.
do over|переделать|2026-04-02|learning||The teacher made him **do** it **over**.|I wish I could **do** that day **over**.|She had to **do** the report **over**.
do up|застегнуть; отремонтировать|2026-04-02|learning||**Do up** your coat, it's cold.|They **did up** the old house.|She **did up** her buttons quickly.
dress up|нарядиться|2026-04-02|learning||She **dressed up** for the party.|The kids love to **dress up** as pirates.|You don't need to **dress up**, it's casual.
eat out|есть вне дома|2026-04-02|learning||We **eat out** every Friday.|Let's **eat out** tonight.|They rarely **eat out** during the week.
fall off|уменьшиться; упасть с|2026-04-02|learning||Sales have **fallen off** this quarter.|The boy **fell off** his bike.|Interest in the topic **fell off** quickly.
fight back|дать отпор; сдержать слёзы|2026-04-02|learning||She **fought back** against the bullies.|He **fought back** tears during the speech.|The team **fought back** and won the game.
fix up|отремонтировать; организовать|2026-04-02|learning||We **fixed up** the old kitchen.|Can you **fix** me **up** with a meeting?|He **fixed up** the car himself.
go without|обойтись без|2026-04-02|learning||She had to **go without** lunch today.|We can't **go without** water for long.|He **went without** sleep for two days.
help out|помочь; выручить|2026-04-02|learning||Can you **help** me **out** with this?|She always **helps out** at the school.|He **helped out** when we needed him.
hold off|откладывать; выждать|2026-04-02|learning||Let's **hold off** on the decision.|They **held off** the attack for hours.|Can you **hold off** until tomorrow?
keep out|не входить; не допускать|2026-04-02|learning||**Keep out**! This area is dangerous.|The fence **keeps out** stray dogs.|Close the door to **keep out** the cold.
log in|войти в систему|2026-04-02|learning||Please **log in** with your password.|I can't **log in** to my account.|She **logged in** from her phone.
log out|выйти из системы|2026-04-02|learning||Don't forget to **log out** after use.|She **logged out** of all her accounts.|Always **log out** on public computers.
look down on|смотреть свысока|2026-04-02|learning||Don't **look down on** other people.|She **looks down on** anyone without a degree.|He never **looked down on** his colleagues.
make off|удрать|2026-04-02|learning||The thief **made off** with the cash.|They **made off** before the police came.|He **made off** in a stolen car.
opt out|отказаться от участия|2026-04-02|learning||You can **opt out** of the newsletter.|She **opted out** of the project.|Many students **opted out** of the trip.
own up|признаться|2026-04-02|learning||Nobody **owned up** to breaking the window.|He finally **owned up** to his mistake.|**Own up** if you did something wrong.
pass by|проходить мимо|2026-04-02|learning||I **pass by** the shop every day.|A bus **passed by** without stopping.|She **passed by** without noticing me.
phase out|постепенно прекратить|2026-04-02|learning||They are **phasing out** the old system.|The company **phased out** plastic packaging.|Old models will be **phased out** next year.
pull together|действовать сообща|2026-04-02|learning||The team **pulled together** after the loss.|We need to **pull together** on this project.|Everyone **pulled together** during the crisis.
put forward|предложить идею|2026-04-02|learning||She **put forward** a new plan.|He **put forward** his name for the role.|They **put forward** several ideas.
put through|соединить по телефону; подвергнуть|2026-04-02|learning||Can you **put** me **through** to the manager?|She was **put through** a difficult test.|They **put** him **through** a long interview.
put up|повесить; приютить|2026-04-02|learning||We **put up** some new shelves.|She **put** us **up** for the night.|They **put up** a sign on the door.
rip off|обмануть; содрать|2026-04-02|learning||That shop **ripped** me **off**!|Don't let them **rip** you **off**.|She felt **ripped off** by the price.
rule out|исключить возможность|2026-04-02|learning||The doctor **ruled out** anything serious.|We can't **rule out** the possibility.|Police have **ruled out** foul play.
run down|раскритиковать; иссякнуть|2026-04-02|learning||Stop **running down** your colleagues.|The battery has **run down**.|She always **runs** him **down** behind his back.
run up|набрать долг|2026-04-02|learning||He **ran up** a huge phone bill.|She **ran up** debts while at university.|Don't **run up** charges on my card.
see through|довести до конца; раскусить|2026-04-02|learning||I'll **see** this project **through**.|She **saw through** his lies immediately.|He promised to **see** it **through** to the end.
send off|отправить|2026-04-02|learning||She **sent off** the letter this morning.|I need to **send off** this package.|He **sent off** his application yesterday.
set back|задержать; обойтись в сумму|2026-04-02|learning||The delay **set** us **back** two weeks.|The repair **set** me **back** 500 pounds.|Bad weather **set back** the construction.
set in|наступить (о чём-то плохом)|2026-04-02|learning||Winter has **set in** early this year.|Panic **set in** when the lights went out.|Doubt **set in** after the first failure.
shop around|сравнивать цены|2026-04-02|learning||Always **shop around** before you buy.|She **shopped around** for the best deal.|It pays to **shop around** for insurance.
stand up to|давать отпор|2026-04-02|learning||She **stood up to** the bully at school.|You need to **stand up to** your boss.|He finally **stood up to** his critics.
sum up|подвести итог|2026-04-02|learning||Let me **sum up** the main points.|She **summed up** the meeting in two minutes.|To **sum up**, we need more time.
switch off|выключить|2026-04-02|learning||**Switch off** the light before you leave.|She **switched off** her phone at night.|Don't forget to **switch off** the heater.
switch on|включить|2026-04-02|learning||**Switch on** the fan, it's hot.|He **switched on** the computer.|She **switched on** the TV after dinner.
tag along|увязаться|2026-04-02|learning||Can I **tag along** with you?|Her little brother always **tags along**.|She **tagged along** on the trip.
take up|заняться; занимать место/время|2026-04-02|learning||She **took up** painting last year.|This table **takes up** too much space.|He **took up** running to stay fit.
tell apart|различить|2026-04-02|learning||I can't **tell** the twins **apart**.|How do you **tell** them **apart**?|It's hard to **tell** the copies **apart**.
throw out|выбросить; выгнать|2026-04-02|learning||**Throw out** those old magazines.|She **threw out** the leftovers.|He was **thrown out** of the club.
walk around|обойти; прогуляться|2026-04-02|learning||Let's **walk around** the city centre.|She **walked around** the park for an hour.|We **walked around** looking for the shop.
write back|ответить письменно|2026-04-02|learning||She **wrote back** the same day.|Please **write back** as soon as you can.|He never **wrote back** to my email.
get out of|избежать обязанности|2026-04-02|learning||He always tries to **get out of** doing chores.|She **got out of** the meeting somehow.|You can't **get out of** this one.
ask for|просить|2026-04-02|learning||She **asked for** a glass of water.|Don't be afraid to **ask for** help.|He **asked for** more time to finish.
abide by|соблюдать|2026-04-02|learning||You must **abide by** the rules.|Everyone should **abide by** the law.|She always **abides by** her promises.
account for|объяснять; составлять долю|2026-04-02|learning||How do you **account for** the missing money?|Online sales **account for** 40% of revenue.|He couldn't **account for** his absence.
brush aside|отмахнуться от|2026-04-02|learning||She **brushed aside** my concerns.|Don't **brush aside** his warnings.|The manager **brushed aside** the complaint.
carry away|увлечь|2026-04-02|learning||Don't get **carried away** with spending.|She got **carried away** by the music.|He gets **carried away** when he talks about football.
cave in|сдаться; обрушиться|2026-04-02|learning||The roof **caved in** under the snow.|She **caved in** after hours of arguing.|The tunnel **caved in** during the storm.
come over|зайти в гости; нахлынуть|2026-04-02|learning||Can you **come over** tonight?|A feeling of sadness **came over** her.|He **came over** for dinner on Sunday.
cut in|вмешаться; подрезать|2026-04-02|learning||Sorry to **cut in**, but I have a question.|A car **cut in** right in front of me.|She **cut in** while I was speaking.
depend on|зависеть от|2026-04-02|learning||It **depends on** the weather.|You can **depend on** her for help.|The result **depends on** many factors.
fade away|затухнуть; исчезнуть|2026-04-02|learning||The music slowly **faded away**.|His smile **faded away** when he heard the news.|Old traditions are **fading away**.
get around|обойти правило; передвигаться|2026-04-02|learning||She always finds a way to **get around** the rules.|It's easy to **get around** the city by bus.|News **gets around** fast in a small town.
get back to|вернуться к; перезвонить|2026-04-02|learning||I'll **get back to** you on that.|Let's **get back to** the main topic.|She promised to **get back to** me by Friday.
go along with|согласиться с|2026-04-02|learning||I'll **go along with** your plan.|She decided to **go along with** the group.|He didn't want to **go along with** the idea.
keep up|поддерживать; не отставать|2026-04-02|learning||**Keep up** the good work!|She tried to **keep up** with the runners.|It's hard to **keep up** this pace.
let go|отпустить|2026-04-02|learning||Just **let go** of the rope.|She finally **let go** of the past.|He can't **let go** of his old habits.
let off|отпустить без наказания|2026-04-02|learning||The judge **let** him **off** with a warning.|They **let off** fireworks at midnight.|She was **let off** because it was her first time.
look out for|присматривать за; быть начеку|2026-04-02|learning||**Look out for** that dog, it bites.|She always **looks out for** her younger brother.|I'll **look out for** you at the station.
pass on|передать; скончаться|2026-04-02|learning||Can you **pass on** the message?|She **passed on** the recipe to her daughter.|He **passed on** his skills to the team.
plug in|подключить|2026-04-02|learning||**Plug in** the charger, the battery is low.|She **plugged in** the laptop.|Is the printer **plugged in**?
run through|пробежаться по; просмотреть|2026-04-02|learning||Let me **run through** the plan quickly.|She **ran through** her notes before the talk.|Can we **run through** the agenda?
settle in|обустроиться; привыкнуть|2026-04-02|learning||Are you **settling in** at your new job?|It took a week to **settle in** to the new flat.|The kids **settled in** quickly at the new school.
show around|провести экскурсию|2026-04-02|learning||Let me **show** you **around** the office.|She **showed** us **around** the city.|He was **shown around** by the manager.
slip away|ускользнуть|2026-04-02|learning||She **slipped away** from the party early.|Time **slips away** so quickly.|The chance **slipped away** before he noticed.
stick out|выступать; терпеть|2026-04-02|learning||His ears **stick out** a lot.|She decided to **stick** it **out** until the end.|That detail really **sticks out**.
stick up for|заступиться за|2026-04-02|learning||She always **sticks up for** her friends.|Nobody **stuck up for** him at the meeting.|You need to **stick up for** yourself.
talk over|обсудить|2026-04-02|learning||Let's **talk** it **over** before we decide.|She **talked** the plan **over** with her boss.|We need to **talk** this **over** calmly.
think through|продумать|2026-04-02|learning||**Think** it **through** before you answer.|She **thought through** all the options.|Have you **thought** this **through** properly?
track down|выследить; разыскать|2026-04-02|learning||Police **tracked down** the suspect.|I finally **tracked down** the book I needed.|She **tracked down** an old school friend online.
try on|примерить|2026-04-02|learning||Can I **try on** this jacket?|She **tried on** five dresses.|**Try** these shoes **on** before you buy them.
try out|попробовать|2026-04-02|learning||I want to **try out** this new restaurant.|She **tried out** for the school play.|Let's **try out** the new software.
turn away|отвернуться; отказать|2026-04-02|learning||They **turned away** hundreds of people.|She **turned away** in disgust.|The hotel **turned** us **away** because it was full.
vouch for|ручаться за|2026-04-02|learning||I can **vouch for** his honesty.|She **vouched for** the quality of the product.|He'll **vouch for** me if you ask him.
zone out|отключиться мысленно|2026-04-02|learning||Sorry, I **zoned out** for a second.|She tends to **zone out** during long meetings.|He **zoned out** while watching TV.
nod off|задремать|2026-04-02|learning||I **nodded off** during the film.|The old man **nodded off** in his chair.|Don't **nod off** in class!
pop in|заглянуть ненадолго|2026-04-02|learning||I'll **pop in** after work.|She **popped in** to say hello.|Feel free to **pop in** anytime.
root for|болеть за|2026-04-02|learning||We're all **rooting for** you!|She **roots for** the local team.|I'll be **rooting for** you at the match.
tip off|предупредить; дать наводку|2026-04-02|learning||Someone **tipped off** the police.|She was **tipped off** about the sale.|A neighbour **tipped** them **off**.
tone down|смягчить|2026-04-02|learning||Can you **tone down** the music a bit?|She **toned down** her speech.|He was asked to **tone down** his comments.
put across|донести мысль|2026-04-02|learning||She **put across** her ideas clearly.|He struggled to **put** his point **across**.|The teacher **puts** the material **across** well.
spell out|разъяснить; произнести по буквам|2026-04-02|learning||Let me **spell out** what I mean.|She **spelled out** the rules for everyone.|Do I have to **spell** it **out** for you?
snap out of|выйти из состояния|2026-04-02|learning||**Snap out of** it, you need to focus!|She finally **snapped out of** her bad mood.|He couldn't **snap out of** his sadness.
pick up on|заметить; уловить|2026-04-02|learning||She **picked up on** his nervousness.|I didn't **pick up on** the hint.|He quickly **picked up on** the new system.
come apart|распасться; развалиться|2026-04-02|learning||The old book **came apart** in my hands.|The toy **came apart** after one day.|Their plan **came apart** quickly.
go about|приступить к; заниматься|2026-04-02|learning||How do you **go about** finding a job?|She **went about** her daily routine.|What's the best way to **go about** this?
act up|барахлить; плохо себя вести|2026-04-02|learning||My computer is **acting up** again.|The kids **acted up** during the trip.|Her knee **acts up** in cold weather.
add up|складываться; иметь смысл|2026-04-02|learning||The numbers don't **add up**.|Something about his story doesn't **add up**.|It all **adds up** to a big problem.
back down|отступить; уступить|2026-04-02|learning||He refused to **back down** in the argument.|She never **backs down** from a challenge.|The company **backed down** after the protests.
bail out|спасти; выручить|2026-04-02|learning||The government **bailed out** the bank.|She always **bails** me **out** when I'm in trouble.|He had to **bail** his friend **out** of jail.
beat up|избить|2026-04-02|learning||He was **beaten up** on the way home.|Stop **beating** yourself **up** over it.|The bullies **beat** him **up** after school.
blow out|задуть|2026-04-02|learning||She **blew out** the candles on the cake.|The tyre **blew out** on the motorway.|**Blow out** the candle before you leave.
boil down to|сводиться к|2026-04-02|learning||It all **boils down to** money.|The problem **boils down to** poor communication.|In the end, it **boils down to** trust.
bounce back|восстановиться|2026-04-02|learning||She **bounced back** quickly after the illness.|The economy is starting to **bounce back**.|He always **bounces back** from failure.
bump into|случайно встретить|2026-04-02|learning||I **bumped into** an old classmate today.|She **bumped into** him at the supermarket.|You never know who you'll **bump into**.
call out|вызвать; уличить|2026-04-02|learning||She **called** him **out** for his rude behaviour.|The doctor was **called out** at midnight.|He **called out** her name across the room.
catch on|понять; стать популярным|2026-04-02|learning||The new trend is **catching on** fast.|It took me a while to **catch on**.|The idea never **caught on** in Europe.
clear up|проясниться; убрать|2026-04-02|learning||The weather should **clear up** by noon.|Let me **clear up** this misunderstanding.|Can you **clear up** the kitchen?
cover up|скрыть|2026-04-02|learning||They tried to **cover up** the scandal.|She **covered up** her mistake.|Don't **cover up** the truth.
crop up|возникнуть неожиданно|2026-04-02|learning||Problems keep **cropping up**.|His name **crops up** in every meeting.|Something unexpected **cropped up** at work.
dawn on|осенить; дойти|2026-04-02|learning||It suddenly **dawned on** me that I was wrong.|The truth finally **dawned on** her.|It **dawned on** him that he'd been tricked.
drag on|тянуться|2026-04-02|learning||The meeting **dragged on** for three hours.|The winter **dragged on** endlessly.|The project has **dragged on** for months.
draw up|составить документ|2026-04-02|learning||The lawyer **drew up** the contract.|She **drew up** a plan for the project.|They **drew up** a list of candidates.
drop in|заглянуть|2026-04-02|learning||Feel free to **drop in** anytime.|She **dropped in** on her way home.|A friend **dropped in** unexpectedly.
follow up|проследить; довести|2026-04-02|learning||I'll **follow up** with an email.|She **followed up** on the complaint.|Don't forget to **follow up** after the interview.
get ahead|продвинуться|2026-04-02|learning||You need to study hard to **get ahead**.|She **got ahead** by working extra hours.|It's difficult to **get ahead** in this industry.
hand down|передать по наследству|2026-04-02|learning||The ring was **handed down** from her grandmother.|Knowledge is **handed down** through generations.|The judge **handed down** a harsh sentence.
head off|отправиться; предотвратить|2026-04-02|learning||We should **head off** before it gets dark.|She **headed off** the problem by acting early.|He **headed off** to the airport.
iron out|уладить; устранить|2026-04-02|learning||We need to **iron out** the details.|They **ironed out** their differences.|Let's **iron out** these problems before launch.
jot down|быстро записать|2026-04-02|learning||Let me **jot down** your number.|She **jotted down** a few notes.|He **jotted down** the address on a napkin.
keep at|упорно продолжать|2026-04-02|learning||**Keep at** it, you're almost there!|She **kept at** it until she finished.|If you **keep at** it, you'll improve.
lay down|установить правила; положить|2026-04-02|learning||She **laid down** the rules from day one.|He **laid down** his tools and rested.|The law **lays down** strict penalties.
leave behind|оставить позади|2026-04-02|learning||She **left behind** her old life.|Don't **leave** your phone **behind**.|He was **left behind** by the group.
lighten up|расслабиться; не принимать близко|2026-04-02|learning||**Lighten up**, it was just a joke!|She needs to **lighten up** a bit.|The mood **lightened up** after the music started.
live on|жить на; продолжать жить|2026-04-02|learning||He **lives on** a small pension.|Her memory **lives on** in our hearts.|They **live on** rice and vegetables.
narrow down|сузить выбор|2026-04-02|learning||We've **narrowed** it **down** to three options.|She **narrowed down** the list of candidates.|Can you **narrow down** the search?
open up|открыться; раскрыться|2026-04-02|learning||She finally **opened up** about her feelings.|A new restaurant **opened up** nearby.|He doesn't **open up** to people easily.
pile up|накопиться|2026-04-02|learning||Work is **piling up** on my desk.|The bills **piled up** while he was away.|Snow **piled up** overnight.
play down|преуменьшить|2026-04-02|learning||The company **played down** the risks.|She **played down** her achievements.|He tried to **play down** the seriousness.
reach out|обратиться; протянуть руку|2026-04-02|learning||Don't hesitate to **reach out** if you need help.|She **reached out** to old friends.|The company **reached out** to its customers.
round up|собрать; округлить|2026-04-02|learning||The teacher **rounded up** the students.|**Round up** the total to the nearest ten.|Police **rounded up** the suspects.
screw up|испортить; облажаться|2026-04-02|learning||I really **screwed up** this time.|Don't **screw** this **up** for us.|She **screwed up** the presentation.
shake off|стряхнуть; избавиться|2026-04-02|learning||She can't **shake off** this cold.|He **shook off** the feeling of doubt.|**Shake off** your worries and enjoy.
step in|вмешаться; заступить|2026-04-02|learning||The police had to **step in**.|She **stepped in** to help resolve the fight.|He **stepped in** as temporary manager.
step up|усилить; повысить|2026-04-02|learning||We need to **step up** our efforts.|She **stepped up** when the team needed her.|The company **stepped up** production.
stock up|запастись|2026-04-02|learning||We **stocked up** on food before the storm.|She **stocks up** on sale items.|Better **stock up** before winter.
tidy up|прибраться|2026-04-02|learning||**Tidy up** your room before the guests come.|She **tidied up** the living room.|Let's **tidy up** before we leave.
touch on|затронуть тему|2026-04-02|learning||The speaker **touched on** several key issues.|She barely **touched on** the main problem.|He **touched on** the topic briefly.
turn in|лечь спать; сдать|2026-04-02|learning||I'm tired, I'm going to **turn in**.|She **turned in** her homework on time.|He **turned in** early last night.
weigh up|взвесить; оценить|2026-04-02|learning||She **weighed up** the pros and cons.|He's **weighing up** his options.|**Weigh up** the risks before you decide.
flick through|пролистать; просмотреть|||||I'll just **flick through** this magazine.|She **flicked through** the book quickly.|He **flicked through** the documents.
look up in|найти в (словаре, справочнике)|||||I'll **look** the word **up in** a dictionary.|You can **look it up in** the index.|She **looked up in** the manual.
get on with|ладить с|||||I **get on with** my colleagues well.|She **gets on with** everyone.|How do you **get on with** your boss?
catch up with|догнать|||||Run faster to **catch up with** them.|I need to **catch up with** my friend.|She **caught up with** the leader at the finish.
be over|закончиться|||||The meeting **is over**.|When the rain **was over**, we left.|Their relationship **is over**.
run out of|закончиться (запасы)|||||We've **run out of** milk.|The car **ran out of** petrol.|She **ran out of** patience.
get down|расстраивать; угнетать|||||Don't let it **get** you **down**.|The bad weather **gets** her **down**.|This news really **got** me **down**.
look in|заглянуть; навестить|||||I'll **look in** on my grandmother tomorrow.|Could you **look in** at the office later?|She **looked in** for a few minutes.
look through|просмотреть; пролистать|||||She **looked through** the report carefully.|I **looked through** the photos.|He **looked through** the contract before signing.
look back|оглянуться; вспоминать|||||When I **look back**, I have no regrets.|Don't **look back** — keep moving forward.|She **looked back** on her childhood with joy.
look ahead|смотреть вперёд|||||We need to **look ahead** and plan.|It's time to **look ahead** to next year.|She always **looks ahead** in life.
get across|донести (мысль)|||||I tried to **get** my point **across**.|She found it hard to **get across** her idea.|He **got** the message **across** clearly.
drop out of|бросить (учёбу)|||||He **dropped out of** university last year.|She **dropped out of** the course.|Many students **drop out of** college.
put aside|отложить (в сторону)|||||She **put aside** her book and listened.|We must **put aside** our differences.|He **put aside** some money for emergencies.
cool down|остыть; успокоиться|||||Let me **cool down** before we talk.|The engine needs to **cool down**.|She **cooled down** after a few minutes.
dress down|одеваться неформально|||||Friday is when we **dress down** at work.|She **dressed down** for the casual event.|It's OK to **dress down** at home.
move on to|перейти к (другой теме)|||||Let's **move on to** the next point.|We need to **move on to** new business.|She **moved on to** a different project.
bring forward|перенести (на раньше); предложить|||||They **brought forward** the meeting to Monday.|She **brought forward** an interesting idea.|The deadline was **brought forward**.
come through|пережить; справиться|||||She **came through** the difficult times.|He **came through** the operation successfully.|We'll **come through** this together.
go under|обанкротиться; затонуть|||||The company **went under** last year.|Without funding, the project will **go under**.|The ship **went under** during the storm.
brighten up|скрасить; повеселеть|||||Flowers always **brighten up** the room.|She **brightened up** when she heard the news.|A coat of paint will **brighten up** this wall.